
DELETE FROM `gameobject_template` WHERE `entry` IN (203071, 204282, 206836, 202655, 203078, 207189, 207188, 207187, 207190);
INSERT INTO `gameobject_template` (`entry`, `type`, `displayId`, `name`, `IconName`, `castBarCaption`, `unk1`, `faction`, `flags`, `size`, `questItem1`, `questItem2`, `questItem3`, `questItem4`, `questItem5`, `questItem6`, `data0`, `data1`, `data2`, `data3`, `data4`, `data5`, `data6`, `data7`, `data8`, `data9`, `data10`, `data11`, `data12`, `data13`, `data14`, `data15`, `data16`, `data17`, `data18`, `data19`, `data20`, `data21`, `data22`, `data23`, `data24`, `data25`, `data26`, `data27`, `data28`, `data29`, `data30`, `data31`, `AIName`, `ScriptName`, `WDBVerified`) VALUES 
(203071, 3, 10493, 'Night Elf Archaeology Find', '', '', '', 0, 0, 0.5, 0, 0, 0, 0, 0, 0, 1859, 203071, 0, 1, 1, 1, 0, 0, 0, 0, 0, 0, 0, 0, 0, 0, 0, 0, 85, 2, 0, 0, 0, 0, NULL, NULL, NULL, NULL, NULL, NULL, NULL, NULL, '', '', 13329),
(204282, 3, 10487, 'Dwarf Archaeology Find', '', '', '', 0, 0, 0.5, 0, 0, 0, 0, 0, 0, 1859, 204282, 0, 1, 1, 1, 0, 0, 0, 0, 0, 0, 0, 0, 0, 0, 0, 0, 85, 2, 0, 0, 0, 0, NULL, NULL, NULL, NULL, NULL, NULL, NULL, NULL, '', '', 13329),
(206836, 3, 10490, 'Fossil Archaeology Find', '', '', '', 0, 0, 0.5, 0, 0, 0, 0, 0, 0, 1859, 206836, 0, 1, 1, 1, 0, 0, 0, 0, 0, 0, 0, 0, 0, 0, 0, 0, 85, 2, 0, 0, 0, 0, NULL, NULL, NULL, NULL, NULL, NULL, NULL, NULL, '', '', 13329),
(202655, 3, 10494, 'Troll Archaeology Find', '', '', '', 0, 0, 0.5, 0, 0, 0, 0, 0, 0, 1859, 202655, 0, 1, 1, 1, 0, 0, 0, 0, 0, 0, 0, 0, 0, 0, 0, 0, 85, 2, 0, 0, 0, 0, NULL, NULL, NULL, NULL, NULL, NULL, NULL, NULL, '', '', 13329),
(203078, 3, 10495, 'Nerubian Archaeology Find', '', '', '', 0, 0, 0.5, 0, 0, 0, 0, 0, 0, 1859, 203078, 0, 1, 1, 1, 0, 0, 0, 0, 0, 0, 0, 0, 0, 0, 0, 0, 85, 2, 0, 0, 0, 0, NULL, NULL, NULL, NULL, NULL, NULL, NULL, NULL, '', '', 13329),
(207189, 3, 10488, 'Vrykul Archaeology Find', '', '', '', 0, 0, 0.5, 0, 0, 0, 0, 0, 0, 1859, 207189, 0, 1, 1, 1, 0, 0, 0, 0, 0, 0, 0, 0, 0, 0, 0, 0, 85, 2, 0, 0, 0, 0, NULL, NULL, NULL, NULL, NULL, NULL, NULL, NULL, '', '', 13329),
(207188, 3, 10491, 'Draenei Archaeology Find', '', '', '', 0, 0, 0.5, 0, 0, 0, 0, 0, 0, 1859, 207188, 0, 1, 1, 1, 0, 0, 0, 0, 0, 0, 0, 0, 0, 0, 0, 0, 85, 2, 0, 0, 0, 0, NULL, NULL, NULL, NULL, NULL, NULL, NULL, NULL, '', '', 13329),
(207187, 3, 10489, 'Orc Archaeology Find', '', '', '', 0, 0, 0.5, 0, 0, 0, 0, 0, 0, 1859, 207187, 0, 1, 1, 1, 0, 0, 0, 0, 0, 0, 0, 0, 0, 0, 0, 0, 85, 2, 0, 0, 0, 0, NULL, NULL, NULL, NULL, NULL, NULL, NULL, NULL, '', '', 13329),
(207190, 3, 10492, 'Tol\'vir Archaeology Find', '', '', '', 0, 0, 0.5, 0, 0, 0, 0, 0, 0, 1859, 207190, 0, 1, 1, 1, 0, 0, 0, 0, 0, 0, 0, 0, 0, 0, 0, 0, 85, 2, 0, 0, 0, 0, NULL, NULL, NULL, NULL, NULL, NULL, NULL, NULL, '', '', 13329);

DELETE FROM `gameobject_loot_template` WHERE `entry` IN (203071, 204282, 202655, 203078, 207189, 207188, 207187, 207190);
INSERT INTO `gameobject_loot_template` (`entry`, `item`, `ChanceOrQuestChance`, `lootmode`, `groupid`, `mincountOrRef`, `maxcount`) VALUES 
(204282, 52843, 30, 1, 0, 1, 1),
(203071, 63127, 30, 1, 0, 1, 1),
(202655, 63128, 30, 1, 0, 1, 1),
(203078, 64396, 30, 1, 0, 1, 1),
(207189, 64395, 30, 1, 0, 1, 1),
(207188, 64394, 30, 1, 0, 1, 1),
(207187, 64392, 30, 1, 0, 1, 1),
(207190, 64397, 30, 1, 0, 1, 1);

 DELETE FROM `creature` WHERE `id` >=60009 AND `id` <=60617;
 INSERT INTO `creature` (`id`, `map`, `spawnMask`, `phaseMask`, `modelid`, `equipment_id`, `position_x`, `position_y`, `position_z`, `orientation`, `spawntimesecs`, `spawndist`, `currentwaypoint`, `curhealth`, `curmana`, `MovementType`, `npcflag`, `unit_flags`, `dynamicflags`) VALUES 
 (60009, 0, 1, 1, 0, 0, -5652.42, -3837.02, 322.555, 4.60509, 300, 0, 0, 1, 0, 0, 0, 0, 0),
 (60010, 0, 1, 1, 0, 0, -2862.41, -2219.02, 29.438, 0.206245, 300, 0, 0, 1, 0, 0, 0, 0, 0),
 (60012, 0, 1, 1, 0, 0, -3455.6, -1812.39, 23.7008, 3.94553, 300, 0, 0, 1, 0, 0, 0, 0, 0),
 (60013, 0, 1, 1, 0, 0, -3575.56, -3038.13, 18.2591, 4.82832, 300, 0, 0, 1, 0, 0, 0, 0, 0),
 (60015, 0, 1, 1, 0, 0, -664.663, -1779.76, 54.8026, 1.35633, 300, 0, 0, 1, 0, 0, 0, 0, 0),
 (60018, 0, 1, 1, 0, 0, -1779.35, -3248.63, 36.0687, 1.6184, 300, 0, 0, 1, 0, 0, 0, 0, 0),
 (60019, 0, 1, 1, 0, 0, -2509.73, -2484.21, 80.9775, 3.05725, 300, 0, 0, 1, 0, 0, 0, 0, 0),
 (60020, 0, 1, 1, 0, 0, -1237.3, -1127.94, 55.0675, 5.18435, 300, 0, 0, 1, 0, 0, 0, 0, 0),
 (60021, 0, 1, 1, 0, 0, -516.255, -909.287, 27.5297, 3.66461, 300, 0, 0, 1, 0, 0, 0, 0, 0),
 (60022, 0, 1, 1, 0, 0, 172.283, -2126.16, 104.442, 2.27838, 300, 0, 0, 1, 0, 0, 0, 0, 0),
 (60023, 0, 1, 1, 0, 0, -367.395, -2885.49, 73.0082, 5.16842, 300, 0, 0, 1, 0, 0, 0, 0, 0),
 (60025, 0, 1, 1, 0, 0, -328.671, -4121.15, 152.005, 2.86586, 300, 0, 0, 1, 0, 0, 0, 0, 0),
 (60026, 0, 1, 1, 0, 0, -469.788, -3857.84, 260.805, 6.17353, 300, 0, 0, 1, 0, 0, 0, 0, 0),
 (60027, 0, 1, 1, 0, 0, 395.796, -3374.44, 121.178, 2.04376, 300, 0, 0, 1, 0, 0, 0, 0, 0),
 (60144, 0, 1, 1, 0, 0, -6413.07, -3394.04, 235.657, 3.95224, 300, 0, 0, 1, 0, 0, 0, 0, 0),
 (60146, 0, 1, 1, 0, 0, -6870.69, -3393.01, 253.075, 0.398504, 300, 0, 0, 1, 0, 0, 0, 0, 0),
 (60150, 0, 1, 1, 0, 0, -6073.27, -3255.8, 259.061, 4.23831, 300, 0, 0, 1, 0, 0, 0, 0, 0),
 (60152, 0, 1, 1, 0, 0, -10538.3, -3806.36, -11.3937, 0.956203, 300, 0, 0, 1, 0, 0, 0, 0, 0),
 (60154, 0, 1, 1, 0, 0, -10890.7, -4201.58, 3.68957, 1.08422, 300, 0, 0, 1, 0, 0, 0, 0, 0),
 (60163, 0, 1, 1, 0, 0, -10478.1, -428.181, 44.8111, 3.1883, 300, 0, 0, 1, 0, 0, 0, 0, 0),
 (60165, 0, 1, 1, 0, 0, -11009.4, -110.674, 15.3625, 1.24602, 300, 0, 0, 1, 0, 0, 0, 0, 0),
 (60167, 1, 1, 1, 0, 0, 4592.97, 923.344, 43.2844, 1.65761, 300, 0, 0, 1, 0, 0, 0, 0, 0),
 (60169, 1, 1, 1, 0, 0, 3873.22, 842.246, 1.91674, 1.5243, 300, 0, 0, 1, 0, 0, 0, 0, 0),
 (60171, 1, 1, 1, 0, 0, 3510.78, 27.7498, 4.64799, 2.97935, 300, 0, 0, 1, 0, 0, 0, 0, 0),
 (60173, 1, 1, 1, 0, 0, 2097.21, -222.718, 97.0642, 2.30783, 300, 0, 0, 1, 0, 0, 0, 0, 0),
 (60175, 1, 1, 1, 0, 0, 2948.08, -3150.47, 181.77, 2.93929, 300, 0, 0, 1, 0, 0, 0, 0, 0),
 (60177, 1, 1, 1, 0, 0, 2532.34, 1441.65, 263.263, 0.378303, 300, 0, 0, 1, 0, 0, 0, 0, 0),
 (60179, 1, 1, 1, 0, 0, 509.967, 1061.13, 111.519, 3.99428, 300, 0, 0, 1, 0, 0, 0, 0, 0),
 (60181, 1, 1, 1, 0, 0, 363.642, -588.434, 21.3727, 1.39404, 300, 0, 0, 1, 0, 0, 0, 0, 0),
 (60183, 1, 1, 1, 0, 0, -4133.64, -2187.7, 50.8325, 1.15227, 300, 0, 0, 1, 0, 0, 0, 0, 0),
 (60185, 1, 1, 1, 0, 0, 3513.96, -5163.01, 81.2879, 6.01103, 300, 0, 0, 1, 0, 0, 0, 0, 0),
 (60187, 1, 1, 1, 0, 0, 4215.28, -7324.17, 8.958, 1.68018, 300, 0, 0, 1, 0, 0, 0, 0, 0),
 (60189, 0, 1, 1, 0, 0, -9679.77, -2442.22, 56.6388, 6.16419, 300, 0, 0, 1, 0, 0, 0, 0, 0),
 (60191, 1, 1, 1, 0, 0, -449.551, 2893.73, 64.0771, 3.7874, 300, 0, 0, 1, 0, 0, 0, 0, 0),
 (60193, 1, 1, 1, 0, 0, -382.381, 2491.05, 115.024, 1.98334, 300, 0, 0, 1, 0, 0, 0, 0, 0),
 (60195, 1, 1, 1, 0, 0, -2275.94, 1345.91, 63.5893, 5.91065, 300, 0, 0, 1, 0, 0, 0, 0, 0),
 (60197, 1, 1, 1, 0, 0, -1879.79, 1891.74, 59.1633, 5.67896, 300, 0, 0, 1, 0, 0, 0, 0, 0),
 (60199, 1, 1, 1, 0, 0, -1338.59, 1843.52, 49.1738, 6.11375, 300, 0, 0, 1, 0, 0, 0, 0, 0),
 (60201, 1, 1, 1, 0, 0, -224.954, 861.591, 91.6326, 0.557475, 300, 0, 0, 1, 0, 0, 0, 0, 0),
 (60203, 0, 1, 1, 0, 0, -12529.5, -3585.91, 6.54208, 0.54465, 300, 0, 0, 1, 0, 0, 0, 0, 0),
 (60205, 0, 1, 1, 0, 0, -11472.5, -2784.9, -0.933474, 4.68762, 300, 0, 0, 1, 0, 0, 0, 0, 0),
 (60207, 0, 1, 1, 0, 0, -6987.01, -1717.97, 242.69, 3.70817, 300, 0, 0, 1, 0, 0, 0, 0, 0),
 (60209, 0, 1, 1, 0, 0, -6793.09, -1242.96, 242.811, 0.931013, 300, 0, 0, 1, 0, 0, 0, 0, 0),
 (60211, 0, 1, 1, 0, 0, -7768.61, -1921.85, 135.16, 5.74629, 300, 0, 0, 1, 0, 0, 0, 0, 0),
 (60213, 0, 1, 1, 0, 0, -7799.71, -2154.11, 132.186, 4.51321, 300, 0, 0, 1, 0, 0, 0, 0, 0),
 (60215, 0, 1, 1, 0, 0, -8124.56, -2967.58, 135.166, 1.27894, 300, 0, 0, 1, 0, 0, 0, 0, 0),
 (60217, 0, 1, 1, 0, 0, 3366.56, -4907.09, 159.333, 5.62945, 300, 0, 0, 1, 0, 0, 0, 0, 0),
 (60219, 0, 1, 1, 0, 0, 3388.11, -4241.93, 157.572, 2.97481, 300, 0, 0, 1, 0, 0, 0, 0, 0),
 (60221, 0, 1, 1, 0, 0, 1997.06, -4257.45, 80.5045, 1.2972, 300, 0, 0, 1, 0, 0, 0, 0, 0),
 (60223, 0, 1, 1, 0, 0, -11584.6, 591.449, 50.1461, 3.61713, 300, 0, 0, 1, 0, 0, 0, 0, 0),
 (60225, 0, 1, 1, 0, 0, -11632.5, 718.893, 39.8235, 6.03536, 300, 0, 0, 1, 0, 0, 0, 0, 0),
 (60227, 0, 1, 1, 0, 0, -12003.4, 380.528, 1.28016, 6.02281, 300, 0, 0, 1, 0, 0, 0, 0, 0),
 (60229, 0, 1, 1, 0, 0, -12531.3, -723.864, 39.1174, 3.7145, 300, 0, 0, 1, 0, 0, 0, 0, 0),
 (60231, 0, 1, 1, 0, 0, -12697.2, -459.12, 30.2228, 5.5594, 300, 0, 0, 1, 0, 0, 0, 0, 0),
 (60233, 0, 1, 1, 0, 0, -12976.6, -830.599, 72.3463, 5.98826, 300, 0, 0, 1, 0, 0, 0, 0, 0),
 (60235, 0, 1, 1, 0, 0, -12943.4, -683.278, 51.0384, 4.31928, 300, 0, 0, 1, 0, 0, 0, 0, 0),
 (60237, 0, 1, 1, 0, 0, -12188, 258.486, 4.52698, 4.0491, 300, 0, 0, 1, 0, 0, 0, 0, 0),
 (60239, 0, 1, 1, 0, 0, -13674, -374.456, 0.651599, 1.60494, 300, 0, 0, 1, 0, 0, 0, 0, 0),
 (60241, 0, 1, 1, 0, 0, -13377.8, -1.18954, 21.8444, 5.79111, 300, 0, 0, 1, 0, 0, 0, 0, 0),
 (60243, 0, 1, 1, 0, 0, -13206.5, 282.387, 21.8587, 5.28061, 300, 0, 0, 1, 0, 0, 0, 0, 0),
 (60245, 0, 1, 1, 0, 0, -13850.2, 432.278, 90.418, 0.360091, 300, 0, 0, 1, 0, 0, 0, 0, 0),
 (60247, 0, 1, 1, 0, 0, 1738.05, -1172.01, 59.7691, 3.04751, 300, 0, 0, 1, 0, 0, 0, 0, 0),
 (60249, 0, 1, 1, 0, 0, 2355.3, -1611.71, 106.309, 4.67564, 300, 0, 0, 1, 0, 0, 0, 0, 0),
 (60251, 0, 1, 1, 0, 0, 1214.25, -1060.2, 82.7143, 5.89596, 300, 0, 0, 1, 0, 0, 0, 0, 0),
 (60259, 1, 1, 1, 0, 0, -4604.4, -3501.92, 36.6798, 2.99785, 300, 0, 0, 1, 0, 0, 0, 0, 0),
 (60261, 1, 1, 1, 0, 0, -4031.04, -3540.97, 28.65, 0.923202, 300, 0, 0, 1, 0, 0, 0, 0, 0),
 (60279, 1, 1, 1, 0, 0, -4564.59, 1338.38, 111.715, 5.85672, 300, 0, 0, 1, 0, 0, 0, 0, 0),
 (60281, 1, 1, 1, 0, 0, -3850.53, 1126.24, 154.788, 4.66851, 300, 0, 0, 1, 0, 0, 0, 0, 0),
 (60283, 1, 1, 1, 0, 0, -2932.31, 2718.2, 170.702, 0.37521, 300, 0, 0, 1, 0, 0, 0, 0, 0),
 (60285, 1, 1, 1, 0, 0, -3141.57, 1797.27, 79.2106, 1.70724, 300, 0, 0, 1, 0, 0, 0, 0, 0),
 (60287, 1, 1, 1, 0, 0, -4827.73, 3523.85, 42.7182, 2.97409, 300, 0, 0, 1, 0, 0, 0, 0, 0),
 (60289, 1, 1, 1, 0, 0, -5130.59, 954.474, 155.285, 6.00415, 300, 0, 0, 1, 0, 0, 0, 0, 0),
 (60291, 1, 1, 1, 0, 0, -5477.31, 1324.44, 72.0856, 5.91462, 300, 0, 0, 1, 0, 0, 0, 0, 0),
 (60293, 1, 1, 1, 0, 0, -4932.48, 1200.44, 60.892, 0.516581, 300, 0, 0, 1, 0, 0, 0, 0, 0),
 (60295, 1, 1, 1, 0, 0, 4521.1, -526.327, 298.553, 3.74751, 300, 0, 0, 1, 0, 0, 0, 0, 0),
 (60297, 1, 1, 1, 0, 0, 3797.12, -1596.54, 218.076, 5.21016, 300, 0, 0, 1, 0, 0, 0, 0, 0),
 (60299, 1, 1, 1, 0, 0, 4785.1, -465.37, 335.998, 0.491487, 300, 0, 0, 1, 0, 0, 0, 0, 0),
 (60301, 1, 1, 1, 0, 0, 6051.17, -1190.1, 373.627, 1.97962, 300, 0, 0, 1, 0, 0, 0, 0, 0),
 (60303, 1, 1, 1, 0, 0, 6494.62, -4073.78, 686.971, 4.86381, 300, 0, 0, 1, 0, 0, 0, 0, 0),
 (60305, 1, 1, 1, 0, 0, 5603.76, -4954.75, 822.204, 0.995721, 300, 0, 0, 1, 0, 0, 0, 0, 0),
 (60307, 1, 1, 1, 0, 0, 5308.09, -4768.45, 758.976, 6.24847, 300, 0, 0, 1, 0, 0, 0, 0, 0),
 (60309, 1, 1, 1, 0, 0, -1978.86, -2006.57, 94.4469, 1.37267, 300, 0, 0, 1, 0, 0, 0, 0, 0),
 (60313, 1, 1, 1, 0, 0, -1679.9, -2283.52, 98.6977, 2.59592, 300, 0, 0, 1, 0, 0, 0, 0, 0),
 (60315, 1, 1, 1, 0, 0, -6843.16, -2911.99, 8.8771, 0.663488, 300, 0, 0, 1, 0, 0, 0, 0, 0),
 (60317, 1, 1, 1, 0, 0, -7934.41, -3844.61, 25.9225, 2.79581, 300, 0, 0, 1, 0, 0, 0, 0, 0),
 (60319, 1, 1, 1, 0, 0, -8880.66, -3436.01, 12.9599, 1.67665, 300, 0, 0, 1, 0, 0, 0, 0, 0),
 (60321, 1, 1, 1, 0, 0, -9245.3, -3037.5, 16.579, 1.57351, 300, 0, 0, 1, 0, 0, 0, 0, 0),
 (60325, 1, 1, 1, 0, 0, -7865.93, -3375.21, 69.6383, 0.184171, 300, 0, 0, 1, 0, 0, 0, 0, 0),
 (60327, 1, 1, 1, 0, 0, -6682.34, -1408.38, -269.807, 5.57823, 300, 0, 0, 1, 0, 0, 0, 0, 0),
 (60329, 1, 1, 1, 0, 0, -6453.33, -1301.41, -208.887, 3.54804, 300, 0, 0, 1, 0, 0, 0, 0, 0),
 (60331, 1, 1, 1, 0, 0, -7816.32, -684.478, -219.278, 2.35445, 300, 0, 0, 1, 0, 0, 0, 0, 0),
 (60333, 1, 1, 1, 0, 0, -6724.69, -723.603, -268.077, 5.65604, 300, 0, 0, 1, 0, 0, 0, 0, 0),
 (60335, 1, 1, 1, 0, 0, -7566.89, -1954.86, -271.798, 6.16756, 300, 0, 0, 1, 0, 0, 0, 0, 0),
 (60337, 1, 1, 1, 0, 0, -7150.57, 326.793, 25.0301, 3.55746, 300, 0, 0, 1, 0, 0, 0, 0, 0),
 (60339, 530, 1, 1, 0, 0, -1084.73, 3230.59, 64.9876, 0.182571, 300, 0, 0, 1, 0, 0, 0, 0, 0),
 (60341, 530, 1, 1, 0, 0, -1026.1, 2059.98, 70.5672, 0.973143, 300, 0, 0, 1, 0, 0, 0, 0, 0),
 (60343, 530, 1, 1, 0, 0, -279.157, 3242.95, -79.0849, 4.84306, 300, 0, 0, 1, 0, 0, 0, 0, 0),
 (60345, 530, 1, 1, 0, 0, -285.971, 3004.65, -66.22, 3.31653, 300, 0, 0, 1, 0, 0, 0, 0, 0),
 (60347, 530, 1, 1, 0, 0, -524.436, 4841.01, 53.9441, 5.85964, 300, 0, 0, 1, 0, 0, 0, 0, 0),
 (60349, 530, 1, 1, 0, 0, -300.252, 7251, 30.8992, 3.02251, 300, 0, 0, 1, 0, 0, 0, 0, 0),
 (60351, 530, 1, 1, 0, 0, 242.19, 7086.24, 35.3629, 3.36547, 300, 0, 0, 1, 0, 0, 0, 0, 0),
 (60353, 530, 1, 1, 0, 0, 3454.39, 3656.66, 153.136, 0.911246, 300, 0, 0, 1, 0, 0, 0, 0, 0),
 (60355, 530, 1, 1, 0, 0, 2764.39, 3240.36, 158.481, 5.4837, 300, 0, 0, 1, 0, 0, 0, 0, 0),
 (60357, 530, 1, 1, 0, 0, 4643.73, 2558.89, 216.923, 2.77339, 300, 0, 0, 1, 0, 0, 0, 0, 0),
 (60359, 530, 1, 1, 0, 0, -2137.32, 8856.76, 21.9997, 3.3152, 300, 0, 0, 1, 0, 0, 0, 0, 0),
 (60363, 530, 1, 1, 0, 0, -1542.71, 8533.29, 4.1869, 2.50402, 300, 0, 0, 1, 0, 0, 0, 0, 0),
 (60365, 530, 1, 1, 0, 0, -772.216, 7762.79, 48.0612, 0.917496, 300, 0, 0, 1, 0, 0, 0, 0, 0),
 (60367, 530, 1, 1, 0, 0, -2555.8, 6236.71, 17.1438, 4.67158, 300, 0, 0, 1, 0, 0, 0, 0, 0),
 (60369, 530, 1, 1, 0, 0, -1573.68, 7941.39, 67.0323, 5.48501, 300, 0, 0, 1, 0, 0, 0, 0, 0),
 (60371, 530, 1, 1, 0, 0, -2449.67, 4947.13, 34.8907, 0.87253, 300, 0, 0, 1, 0, 0, 0, 0, 0),
 (60373, 530, 1, 1, 0, 0, -2075.18, 4236.44, 8.90329, 3.9568, 300, 0, 0, 1, 0, 0, 0, 0, 0),
 (60375, 530, 1, 1, 0, 0, -3273.56, 5988.13, -2.58558, 1.14452, 300, 0, 0, 1, 0, 0, 0, 0, 0),
 (60377, 530, 1, 1, 0, 0, -2861.66, 3561.54, -25.861, 2.86021, 300, 0, 0, 1, 0, 0, 0, 0, 0),
 (60379, 530, 1, 1, 0, 0, -3147.34, 4501.38, -22.4739, 4.00392, 300, 0, 0, 1, 0, 0, 0, 0, 0),
 (60381, 530, 1, 1, 0, 0, -3373.05, 4835.88, -101.39, 0.867815, 300, 0, 0, 1, 0, 0, 0, 0, 0),
 (60383, 530, 1, 1, 0, 0, -3315.99, 4799.52, -89.7528, 4.45143, 300, 0, 0, 1, 0, 0, 0, 0, 0),
 (60385, 530, 1, 1, 0, 0, -3883.68, 2578.82, 89.7967, 0.244219, 300, 0, 0, 1, 0, 0, 0, 0, 0),
 (60387, 530, 1, 1, 0, 0, -2991.3, 1692.8, 74.6923, 3.51697, 300, 0, 0, 1, 0, 0, 0, 0, 0),
 (60391, 530, 1, 1, 0, 0, -3288.53, 1091.69, 62.3318, 3.84527, 300, 0, 0, 1, 0, 0, 0, 0, 0),
 (60393, 530, 1, 1, 0, 0, -4471.57, 1704.05, 160.577, 3.91124, 300, 0, 0, 1, 0, 0, 0, 0, 0),
 (60395, 530, 1, 1, 0, 0, -3701.71, 998.437, 68.1612, 2.66717, 300, 0, 0, 1, 0, 0, 0, 0, 0),
 (60399, 530, 1, 1, 0, 0, -4220.44, 465.982, 42.0819, 0.892372, 300, 0, 0, 1, 0, 0, 0, 0, 0),
 (60401, 571, 1, 1, 0, 0, 1905.14, -4111.72, 258.912, 1.77954, 300, 0, 0, 1, 0, 0, 0, 0, 0),
 (60403, 571, 1, 1, 0, 0, 925.071, -4436.16, 136.176, 1.01535, 300, 0, 0, 1, 0, 0, 0, 0, 0),
 (60405, 571, 1, 1, 0, 0, 997.518, -4937.84, 5.23054, 6.0796, 300, 0, 0, 1, 0, 0, 0, 0, 0),
 (60407, 571, 1, 1, 0, 0, -47.1187, -5011.49, 312.309, 1.82588, 300, 0, 0, 1, 0, 0, 0, 0, 0),
 (60409, 571, 1, 1, 0, 0, 1513.65, -5281.91, 207.417, 3.17598, 300, 0, 0, 1, 0, 0, 0, 0, 0),
 (60411, 571, 1, 1, 0, 0, 949.096, -5483.62, 185.704, 5.83834, 300, 0, 0, 1, 0, 0, 0, 0, 0),
 (60413, 571, 1, 1, 0, 0, 2676.77, -3580.75, 205.251, 2.81299, 300, 0, 0, 1, 0, 0, 0, 0, 0),
 (60415, 571, 1, 1, 0, 0, 3715.43, 2158.11, 36.4344, 2.71179, 300, 0, 0, 1, 0, 0, 0, 0, 0),
 (60417, 571, 1, 1, 0, 0, 3343.26, 2371.88, 30.2942, 1.81879, 300, 0, 0, 1, 0, 0, 0, 0, 0),
 (60419, 571, 1, 1, 0, 0, 3949.24, 3610.01, 102.794, 5.15353, 300, 0, 0, 1, 0, 0, 0, 0, 0),
 (60421, 571, 1, 1, 0, 0, 5043.8, -3653.6, 297.996, 5.10413, 300, 0, 0, 1, 0, 0, 0, 0, 0),
 (60423, 571, 1, 2, 0, 0, 1307.13, 5771.21, 22.9982, 5.92951, 300, 0, 0, 1, 0, 0, 0, 0, 0),
 (60425, 571, 1, 1, 0, 0, 5729.92, 1014.5, 174.48, 0.816954, 300, 0, 0, 1, 0, 0, 0, 0, 0),
 (60427, 571, 1, 1, 0, 0, 5331.8, -759.008, 205.741, 0.474195, 300, 0, 0, 1, 0, 0, 0, 0, 0),
 (60429, 571, 1, 1, 0, 0, 6197.69, -2619.92, 293.162, 0.326912, 300, 0, 0, 1, 0, 0, 0, 0, 0),
 (60431, 571, 1, 1, 0, 0, 6163.55, -3534.24, 383.729, 5.63616, 300, 0, 0, 1, 0, 0, 0, 0, 0),
 (60433, 571, 1, 1, 0, 0, 6453.13, -4476.19, 451.076, 4.61404, 300, 0, 0, 1, 0, 0, 0, 0, 0),
 (60435, 571, 1, 1, 0, 0, 5716.57, -4219.52, 362.746, 1.50732, 300, 0, 0, 1, 0, 0, 0, 0, 0),
 (60437, 571, 1, 1, 0, 0, 4326.69, 4590.81, 106.267, 4.11917, 300, 0, 0, 1, 0, 0, 0, 0, 0),
 (60439, 571, 1, 1, 0, 0, 2864.88, -2622.23, 84.6553, 4.51446, 300, 0, 0, 1, 0, 0, 0, 0, 0),
 (60443, 571, 1, 1, 0, 0, 4638.53, -4861.5, 35.4805, 3.14534, 300, 0, 0, 1, 0, 0, 0, 0, 0),
 (60445, 571, 1, 1, 0, 0, 6952.37, -1660.39, 810.822, 3.74472, 300, 0, 0, 1, 0, 0, 0, 0, 0),
 (60447, 571, 1, 1, 0, 0, 6781.74, -1025.76, 766.362, 6.25584, 300, 0, 0, 1, 0, 0, 0, 0, 0),
 (60449, 571, 1, 1, 0, 0, 7316.02, -2.13436, 766.456, 0.944781, 300, 0, 0, 1, 0, 0, 0, 0, 0),
 (60451, 571, 1, 2, 0, 0, 6762.65, 550.887, 421.115, 0.233242, 300, 0, 0, 1, 0, 0, 0, 0, 0),
 (60455, 571, 1, 1, 0, 0, 7062.07, 1848.98, 529.469, 4.27172, 300, 0, 0, 1, 0, 0, 0, 0, 0),
 (60457, 571, 1, 1, 0, 0, 7048.35, 4210.82, 666.54, 6.00274, 300, 0, 0, 1, 0, 0, 0, 0, 0),
 (60459, 571, 1, 1, 0, 0, 7801.91, 3706.2, 653.011, 3.77614, 300, 0, 0, 1, 0, 0, 0, 0, 0),
 (60461, 1, 1, 1, 0, 0, 5650.54, -3005.33, 1560.71, 1.89838, 300, 0, 0, 1, 0, 0, 0, 0, 0),
 (60463, 1, 1, 1, 0, 0, 5263.92, -2164.77, 1260.77, 4.15247, 300, 0, 0, 1, 0, 0, 0, 0, 0),
 (60465, 1, 1, 1, 0, 0, 5134.4, -1769.79, 1335.26, 1.03051, 300, 0, 0, 1, 0, 0, 0, 0, 0),
 (60467, 1, 1, 1, 0, 0, 4416.55, -2078.92, 1210.38, 0.056615, 300, 0, 0, 1, 0, 0, 0, 0, 0),
 (60469, 1, 1, 1, 0, 0, 4633.3, -3209.78, 1035.49, 2.53958, 300, 0, 0, 1, 0, 0, 0, 0, 0),
 (60473, 0, 1, 1, 0, 0, -7006.85, 5078.88, -287.544, 3.14209, 300, 0, 0, 1, 0, 0, 0, 0, 0),
 (60475, 0, 1, 1, 0, 0, -7468.61, 3991.89, -220.409, 1.6495, 300, 0, 0, 1, 0, 0, 0, 0, 0),
 (60477, 0, 1, 1, 0, 0, -4656.62, -5088.14, 126.465, 1.96105, 300, 0, 0, 1, 0, 0, 0, 0, 0),
 (60479, 0, 1, 1, 0, 0, -3358.49, -5040.81, 91.4323, 3.48473, 300, 0, 0, 1, 0, 0, 0, 0, 0),
 (60481, 0, 1, 1, 0, 0, -2989.88, -4665.97, 141.976, 5.63672, 300, 0, 0, 1, 0, 0, 0, 0, 0),
 (60483, 0, 1, 1, 0, 0, -4105.33, -3451.57, 279.174, 4.75315, 300, 0, 0, 1, 0, 0, 0, 0, 0),
 (60485, 1, 1, 1, 0, 0, -8971.8, -1552.12, 94.4532, 0.189286, 300, 0, 0, 1, 0, 0, 0, 0, 0),
 (60487, 1, 1, 1, 0, 0, -9866.29, -2125.64, 15.302, 4.61183, 300, 0, 0, 1, 0, 0, 0, 0, 0),
 (60489, 1, 1, 1, 0, 0, -10184.2, -2134.04, 49.4302, 1.66187, 300, 0, 0, 1, 0, 0, 0, 0, 0),
 (60491, 1, 1, 1, 0, 0, -11417.4, -684.023, 121.016, 6.05696, 300, 0, 0, 1, 0, 0, 0, 0, 0),
 (60493, 1, 1, 1, 0, 0, -9704.44, -44.5331, 86.3713, 6.11979, 300, 0, 0, 1, 0, 0, 0, 0, 0),
 (60495, 1, 1, 1, 0, 0, -10707.4, 440.136, 20.7642, 5.24172, 300, 0, 0, 1, 0, 0, 0, 0, 0),
 (60497, 1, 1, 1, 0, 0, -8727.82, 245.33, 329.216, 1.43804, 300, 0, 0, 1, 0, 0, 0, 0, 0),
 (60499, 1, 1, 1, 0, 0, -9274.15, 330.298, 294.765, 1.1875, 300, 0, 0, 1, 0, 0, 0, 0, 0),
 (60501, 1, 1, 1, 0, 0, -8651.15, -371.05, 195.193, 5.00768, 300, 0, 0, 1, 0, 0, 0, 0, 0),
 (60570, 1, 1, 1, 0, 0, -11261, -1652.11, 1.19595, 0.925176, 300, 0, 0, 1, 0, 0, 0, 0, 0),
 (60572, 1, 1, 1, 0, 0, -10090.2, -2738.61, 10.1218, 4.40213, 300, 0, 0, 1, 0, 0, 0, 0, 0),
 (60574, 1, 1, 1, 0, 0, -9982.44, -2506.79, 38.9468, 6.10197, 300, 0, 0, 1, 0, 0, 0, 0, 0),
 (60576, 1, 1, 1, 0, 0, -10209.9, -1051.51, 152.841, 0.879853, 300, 0, 0, 1, 0, 0, 0, 0, 0),
 (60578, 1, 1, 1, 0, 0, -9256.26, -1504.68, 66.4525, 4.40629, 300, 0, 0, 1, 0, 0, 0, 0, 0),
 (60581, 1, 1, 1, 0, 0, -8893.26, -622.947, 180.711, 4.4487, 300, 0, 0, 1, 0, 0, 0, 0, 0),
 (60583, 1, 1, 1, 0, 0, -10464.7, 1213.84, 184.149, 5.82864, 300, 0, 0, 1, 0, 0, 0, 0, 0),
 (60587, 571, 1, 2, 0, 0, 7196.85, 645.964, 495.429, 6.00038, 300, 0, 0, 1, 0, 0, 0, 0, 0),
 (60589, 571, 1, 1, 0, 0, 2280.66, 5501.15, 9.36099, 5.75482, 300, 0, 0, 1, 0, 0, 0, 0, 0),
 (60615, 0, 1, 1, 0, 0, 3069.56, -3702.93, 131.07, 5.36226, 300, 0, 0, 1, 0, 0, 0, 0, 0),
 (60617, 0, 1, 1, 0, 0, 3105.62, -2852.9, 216.898, 5.72433, 300, 0, 0, 1, 0, 0, 0, 0, 0);
 
 DELETE FROM `creature_template` WHERE `entry` >=60009 AND `entry` <=60617;
 INSERT INTO `creature_template` (`entry`, `difficulty_entry_1`, `difficulty_entry_2`, `difficulty_entry_3`, `KillCredit1`, `KillCredit2`, `modelid1`, `modelid2`, `modelid3`, `modelid4`, `name`, `subname`, `IconName`, `gossip_menu_id`, `minlevel`, `maxlevel`, `exp`, `faction_A`, `faction_H`, `npcflag`, `speed_walk`, `speed_run`, `scale`, `rank`, `mindmg`, `maxdmg`, `dmgschool`, `attackpower`, `dmg_multiplier`, `baseattacktime`, `rangeattacktime`, `unit_class`, `unit_flags`, `dynamicflags`, `family`, `trainer_type`, `trainer_spell`, `trainer_class`, `trainer_race`, `minrangedmg`, `maxrangedmg`, `rangedattackpower`, `type`, `type_flags`, `lootid`, `pickpocketloot`, `skinloot`, `resistance1`, `resistance2`, `resistance3`, `resistance4`, `resistance5`, `resistance6`, `spell1`, `spell2`, `spell3`, `spell4`, `spell5`, `spell6`, `spell7`, `spell8`, `PetSpellDataId`, `VehicleId`, `mingold`, `maxgold`, `AIName`, `MovementType`, `InhabitType`, `Health_mod`, `Mana_mod`, `Armor_mod`, `RacialLeader`, `questItem1`, `questItem2`, `questItem3`, `questItem4`, `questItem5`, `questItem6`, `movementId`, `RegenHealth`, `equipment_id`, `mechanic_immune_mask`, `flags_extra`, `ScriptName`, `WDBVerified`) VALUES
  (60009, 0, 0, 0, 0, 0, 328, 0, 0, 0, 'Ironband\'s Excavation Site', '', '', 0, 85, 85, 0, 35, 35, 0, 0, 0, 1, 0, 3.8, 3.8, 0, 46, 1, 0, 0, 1, 6, 0, 0, 0, 0, 0, 0, 1.9, 1.9, 0, 10, 1048576, 0, 0, 0, 0, 0, 0, 0, 0, 0, 0, 0, 0, 0, 0, 0, 0, 0, 0, 0, 0, 0, '', 0, 3, 1, 1, 1, 0, 0, 0, 0, 0, 0, 0, 0, 1, 0, 0, 2, '', 1),
  (60010, 0, 0, 0, 0, 0, 328, 0, 0, 0, 'Ironbeard\'s Tomb', '', '', 0, 85, 85, 0, 35, 35, 0, 0, 0, 1, 0, 3.8, 3.8, 0, 46, 1, 0, 0, 1, 6, 0, 0, 0, 0, 0, 0, 1.9, 1.9, 0, 10, 1048576, 0, 0, 0, 0, 0, 0, 0, 0, 0, 0, 0, 0, 0, 0, 0, 0, 0, 0, 0, 0, 0, '', 0, 3, 1, 1, 1, 0, 0, 0, 0, 0, 0, 0, 0, 1, 0, 0, 2, '', 1),
  (60012, 0, 0, 0, 0, 0, 328, 0, 0, 0, 'Whelgar\'s Excavation Site', '', '', 0, 85, 85, 0, 35, 35, 0, 0, 0, 1, 0, 3.8, 3.8, 0, 46, 1, 0, 0, 1, 6, 0, 0, 0, 0, 0, 0, 1.9, 1.9, 0, 10, 1048576, 0, 0, 0, 0, 0, 0, 0, 0, 0, 0, 0, 0, 0, 0, 0, 0, 0, 0, 0, 0, 0, '', 0, 3, 1, 1, 1, 0, 0, 0, 0, 0, 0, 0, 0, 1, 0, 0, 2, '', 1),
  (60013, 0, 0, 0, 0, 0, 328, 0, 0, 0, 'Greenwarden\'s Fossil Bank', '', '', 0, 85, 85, 0, 35, 35, 0, 0, 0, 1, 0, 3.8, 3.8, 0, 46, 1, 0, 0, 1, 6, 0, 0, 0, 0, 0, 0, 1.9, 1.9, 0, 10, 1048576, 0, 0, 0, 0, 0, 0, 0, 0, 0, 0, 0, 0, 0, 0, 0, 0, 0, 0, 0, 0, 0, '', 0, 3, 1, 1, 1, 0, 0, 0, 0, 0, 0, 0, 0, 1, 0, 0, 2, '', 1),
  (60015, 0, 0, 0, 0, 0, 328, 0, 0, 0, 'Thoradin\'s Wall', '', '', 0, 85, 85, 0, 35, 35, 0, 0, 0, 1, 0, 3.8, 3.8, 0, 46, 1, 0, 0, 1, 6, 0, 0, 0, 0, 0, 0, 1.9, 1.9, 0, 10, 1048576, 0, 0, 0, 0, 0, 0, 0, 0, 0, 0, 0, 0, 0, 0, 0, 0, 0, 0, 0, 0, 0, '', 0, 3, 1, 1, 1, 0, 0, 0, 0, 0, 0, 0, 0, 1, 0, 0, 2, '', 1),
  (60018, 0, 0, 0, 0, 0, 328, 0, 0, 0, 'Witherbark Digsite', '', '', 0, 85, 85, 0, 35, 35, 0, 0, 0, 1, 0, 3.8, 3.8, 0, 46, 1, 0, 0, 1, 6, 0, 0, 0, 0, 0, 0, 1.9, 1.9, 0, 10, 1048576, 0, 0, 0, 0, 0, 0, 0, 0, 0, 0, 0, 0, 0, 0, 0, 0, 0, 0, 0, 0, 0, '', 0, 3, 1, 1, 1, 0, 0, 0, 0, 0, 0, 0, 0, 1, 0, 0, 2, '', 1),
  (60019, 0, 0, 0, 0, 0, 328, 0, 0, 0, 'Thandol Span', '', '', 0, 85, 85, 0, 35, 35, 0, 0, 0, 1, 0, 3.8, 3.8, 0, 46, 1, 0, 0, 1, 6, 0, 0, 0, 0, 0, 0, 1.9, 1.9, 0, 10, 1048576, 0, 0, 0, 0, 0, 0, 0, 0, 0, 0, 0, 0, 0, 0, 0, 0, 0, 0, 0, 0, 0, '', 0, 3, 1, 1, 1, 0, 0, 0, 0, 0, 0, 0, 0, 1, 0, 0, 2, '', 1),
  (60020, 0, 0, 0, 0, 0, 328, 0, 0, 0, 'Dun Garok Digsite', '', '', 0, 85, 85, 0, 35, 35, 0, 0, 0, 1, 0, 3.8, 3.8, 0, 46, 1, 0, 0, 1, 6, 0, 0, 0, 0, 0, 0, 1.9, 1.9, 0, 10, 1048576, 0, 0, 0, 0, 0, 0, 0, 0, 0, 0, 0, 0, 0, 0, 0, 0, 0, 0, 0, 0, 0, '', 0, 3, 1, 1, 1, 0, 0, 0, 0, 0, 0, 0, 0, 1, 0, 0, 2, '', 1),
  (60021, 0, 0, 0, 0, 0, 328, 0, 0, 0, 'Southshore Fossil Field', '', '', 0, 85, 85, 0, 35, 35, 0, 0, 0, 1, 0, 3.8, 3.8, 0, 46, 1, 0, 0, 1, 6, 0, 0, 0, 0, 0, 0, 1.9, 1.9, 0, 10, 1048576, 0, 0, 0, 0, 0, 0, 0, 0, 0, 0, 0, 0, 0, 0, 0, 0, 0, 0, 0, 0, 0, '', 0, 3, 1, 1, 1, 0, 0, 0, 0, 0, 0, 0, 0, 1, 0, 0, 2, '', 1),
  (60022, 0, 0, 0, 0, 0, 328, 0, 0, 0, 'Aerie Peak Digsite', '', '', 0, 85, 85, 0, 35, 35, 0, 0, 0, 1, 0, 3.8, 3.8, 0, 46, 1, 0, 0, 1, 6, 0, 0, 0, 0, 0, 0, 1.9, 1.9, 0, 10, 1048576, 0, 0, 0, 0, 0, 0, 0, 0, 0, 0, 0, 0, 0, 0, 0, 0, 0, 0, 0, 0, 0, '', 0, 3, 1, 1, 1, 0, 0, 0, 0, 0, 0, 0, 0, 1, 0, 0, 2, '', 1),
  (60023, 0, 0, 0, 0, 0, 328, 0, 0, 0, 'Shadra\'Alor Digsite', '', '', 0, 85, 85, 0, 35, 35, 0, 0, 0, 1, 0, 3.8, 3.8, 0, 46, 1, 0, 0, 1, 6, 0, 0, 0, 0, 0, 0, 1.9, 1.9, 0, 10, 1048576, 0, 0, 0, 0, 0, 0, 0, 0, 0, 0, 0, 0, 0, 0, 0, 0, 0, 0, 0, 0, 0, '', 0, 3, 1, 1, 1, 0, 0, 0, 0, 0, 0, 0, 0, 1, 0, 0, 2, '', 1),
  (60024, 0, 0, 0, 0, 0, 328, 0, 0, 0, 'Altar of Zul Digsite', '', '', 0, 85, 85, 0, 35, 35, 0, 0, 0, 1, 0, 3.8, 3.8, 0, 46, 1, 0, 0, 1, 6, 0, 0, 0, 0, 0, 0, 1.9, 1.9, 0, 10, 1048576, 0, 0, 0, 0, 0, 0, 0, 0, 0, 0, 0, 0, 0, 0, 0, 0, 0, 0, 0, 0, 0, '', 0, 3, 1, 1, 1, 0, 0, 0, 0, 0, 0, 0, 0, 1, 0, 0, 2, '', 1),
  (60025, 0, 0, 0, 0, 0, 328, 0, 0, 0, 'Jintha\'Alor Lower City Digsite', '', '', 0, 85, 85, 0, 35, 35, 0, 0, 0, 1, 0, 3.8, 3.8, 0, 46, 1, 0, 0, 1, 6, 0, 0, 0, 0, 0, 0, 1.9, 1.9, 0, 10, 1048576, 0, 0, 0, 0, 0, 0, 0, 0, 0, 0, 0, 0, 0, 0, 0, 0, 0, 0, 0, 0, 0, '', 0, 3, 1, 1, 1, 0, 0, 0, 0, 0, 0, 0, 0, 1, 0, 0, 2, '', 1),
  (60026, 0, 0, 0, 0, 0, 328, 0, 0, 0, 'Jintha\'Alor Upper City Digsite', '', '', 0, 85, 85, 0, 35, 35, 0, 0, 0, 1, 0, 3.8, 3.8, 0, 46, 1, 0, 0, 1, 6, 0, 0, 0, 0, 0, 0, 1.9, 1.9, 0, 10, 1048576, 0, 0, 0, 0, 0, 0, 0, 0, 0, 0, 0, 0, 0, 0, 0, 0, 0, 0, 0, 0, 0, '', 0, 3, 1, 1, 1, 0, 0, 0, 0, 0, 0, 0, 0, 1, 0, 0, 2, '', 1),
  (60027, 0, 0, 0, 0, 0, 328, 0, 0, 0, 'Agol\'watha Digsite', '', '', 0, 85, 85, 0, 35, 35, 0, 0, 0, 1, 0, 3.8, 3.8, 0, 46, 1, 0, 0, 1, 6, 0, 0, 0, 0, 0, 0, 1.9, 1.9, 0, 10, 1048576, 0, 0, 0, 0, 0, 0, 0, 0, 0, 0, 0, 0, 0, 0, 0, 0, 0, 0, 0, 0, 0, '', 0, 3, 1, 1, 1, 0, 0, 0, 0, 0, 0, 0, 0, 1, 0, 0, 2, '', 1),
  (60144, 0, 0, 0, 0, 0, 328, 0, 0, 0, 'Hammertoe\'s Digsite', '', '', 0, 85, 85, 0, 35, 35, 0, 0, 0, 1, 0, 3.8, 3.8, 0, 46, 1, 0, 0, 1, 6, 0, 0, 0, 0, 0, 0, 1.9, 1.9, 0, 10, 1048576, 0, 0, 0, 0, 0, 0, 0, 0, 0, 0, 0, 0, 0, 0, 0, 0, 0, 0, 0, 0, 0, '', 0, 3, 1, 1, 1, 0, 0, 0, 0, 0, 0, 0, 0, 1, 0, 0, 2, '', 1),
  (60146, 0, 0, 0, 0, 0, 328, 0, 0, 0, 'Tomb of the Watchers Digsite', '', '', 0, 85, 85, 0, 35, 35, 0, 0, 0, 1, 0, 3.8, 3.8, 0, 46, 1, 0, 0, 1, 6, 0, 0, 0, 0, 0, 0, 1.9, 1.9, 0, 10, 1048576, 0, 0, 0, 0, 0, 0, 0, 0, 0, 0, 0, 0, 0, 0, 0, 0, 0, 0, 0, 0, 0, '', 0, 3, 1, 1, 1, 0, 0, 0, 0, 0, 0, 0, 0, 1, 0, 0, 2, '', 1),
  (60150, 0, 0, 0, 0, 0, 328, 0, 0, 0, 'Uldaman Entrance Digsite', '', '', 0, 85, 85, 0, 35, 35, 0, 0, 0, 1, 0, 3.8, 3.8, 0, 46, 1, 0, 0, 1, 6, 0, 0, 0, 0, 0, 0, 1.9, 1.9, 0, 10, 1048576, 0, 0, 0, 0, 0, 0, 0, 0, 0, 0, 0, 0, 0, 0, 0, 0, 0, 0, 0, 0, 0, '', 0, 3, 1, 1, 1, 0, 0, 0, 0, 0, 0, 0, 0, 1, 0, 0, 2, '', 1),
  (60152, 0, 0, 0, 0, 0, 328, 0, 0, 0, 'Sunken Temple Digsite', '', '', 0, 85, 85, 0, 35, 35, 0, 0, 0, 1, 0, 3.8, 3.8, 0, 46, 1, 0, 0, 1, 6, 0, 0, 0, 0, 0, 0, 1.9, 1.9, 0, 10, 1048576, 0, 0, 0, 0, 0, 0, 0, 0, 0, 0, 0, 0, 0, 0, 0, 0, 0, 0, 0, 0, 0, '', 0, 3, 1, 1, 1, 0, 0, 0, 0, 0, 0, 0, 0, 1, 0, 0, 2, '', 1),
  (60154, 0, 0, 0, 0, 0, 328, 0, 0, 0, 'Misty Reed Fossil Bank', '', '', 0, 85, 85, 0, 35, 35, 0, 0, 0, 1, 0, 3.8, 3.8, 0, 46, 1, 0, 0, 1, 6, 0, 0, 0, 0, 0, 0, 1.9, 1.9, 0, 10, 1048576, 0, 0, 0, 0, 0, 0, 0, 0, 0, 0, 0, 0, 0, 0, 0, 0, 0, 0, 0, 0, 0, '', 0, 3, 1, 1, 1, 0, 0, 0, 0, 0, 0, 0, 0, 1, 0, 0, 2, '', 1),
  (60163, 0, 0, 0, 0, 0, 328, 0, 0, 0, 'Twilight Grove Digsite', '', '', 0, 85, 85, 0, 35, 35, 0, 0, 0, 1, 0, 3.8, 3.8, 0, 46, 1, 0, 0, 1, 6, 0, 0, 0, 0, 0, 0, 1.9, 1.9, 0, 10, 1048576, 0, 0, 0, 0, 0, 0, 0, 0, 0, 0, 0, 0, 0, 0, 0, 0, 0, 0, 0, 0, 0, '', 0, 3, 1, 1, 1, 0, 0, 0, 0, 0, 0, 0, 0, 1, 0, 0, 2, '', 1),
  (60165, 0, 0, 0, 0, 0, 328, 0, 0, 0, 'Vul\'Gol Fossil Bank', '', '', 0, 85, 85, 0, 35, 35, 0, 0, 0, 1, 0, 3.8, 3.8, 0, 46, 1, 0, 0, 1, 6, 0, 0, 0, 0, 0, 0, 1.9, 1.9, 0, 10, 1048576, 0, 0, 0, 0, 0, 0, 0, 0, 0, 0, 0, 0, 0, 0, 0, 0, 0, 0, 0, 0, 0, '', 0, 3, 1, 1, 1, 0, 0, 0, 0, 0, 0, 0, 0, 1, 0, 0, 2, '', 1),
  (60167, 0, 0, 0, 0, 0, 328, 0, 0, 0, 'Nazj\'vel Digsite', '', '', 0, 85, 85, 0, 35, 35, 0, 0, 0, 1, 0, 3.8, 3.8, 0, 46, 1, 0, 0, 1, 6, 0, 0, 0, 0, 0, 0, 1.9, 1.9, 0, 10, 1048576, 0, 0, 0, 0, 0, 0, 0, 0, 0, 0, 0, 0, 0, 0, 0, 0, 0, 0, 0, 0, 0, '', 0, 3, 1, 1, 1, 0, 0, 0, 0, 0, 0, 0, 0, 1, 0, 0, 2, '', 1),
  (60169, 0, 0, 0, 0, 0, 328, 0, 0, 0, 'Zoram Strand Digsite', '', '', 0, 85, 85, 0, 35, 35, 0, 0, 0, 1, 0, 3.8, 3.8, 0, 46, 1, 0, 0, 1, 6, 0, 0, 0, 0, 0, 0, 1.9, 1.9, 0, 10, 1048576, 0, 0, 0, 0, 0, 0, 0, 0, 0, 0, 0, 0, 0, 0, 0, 0, 0, 0, 0, 0, 0, '', 0, 3, 1, 1, 1, 0, 0, 0, 0, 0, 0, 0, 0, 1, 0, 0, 2, '', 1),
  (60171, 0, 0, 0, 0, 0, 328, 0, 0, 0, 'Ruins of Ordil\'Aran', '', '', 0, 85, 85, 0, 35, 35, 0, 0, 0, 1, 0, 3.8, 3.8, 0, 46, 1, 0, 0, 1, 6, 0, 0, 0, 0, 0, 0, 1.9, 1.9, 0, 10, 1048576, 0, 0, 0, 0, 0, 0, 0, 0, 0, 0, 0, 0, 0, 0, 0, 0, 0, 0, 0, 0, 0, '', 0, 3, 1, 1, 1, 0, 0, 0, 0, 0, 0, 0, 0, 1, 0, 0, 2, '', 1),
  (60173, 0, 0, 0, 0, 0, 328, 0, 0, 0, 'Ruins of Stardust', '', '', 0, 85, 85, 0, 35, 35, 0, 0, 0, 1, 0, 3.8, 3.8, 0, 46, 1, 0, 0, 1, 6, 0, 0, 0, 0, 0, 0, 1.9, 1.9, 0, 10, 1048576, 0, 0, 0, 0, 0, 0, 0, 0, 0, 0, 0, 0, 0, 0, 0, 0, 0, 0, 0, 0, 0, '', 0, 3, 1, 1, 1, 0, 0, 0, 0, 0, 0, 0, 0, 1, 0, 0, 2, '', 1),
  (60175, 0, 0, 0, 0, 0, 328, 0, 0, 0, 'Forest Song Digsite', '', '', 0, 85, 85, 0, 35, 35, 0, 0, 0, 1, 0, 3.8, 3.8, 0, 46, 1, 0, 0, 1, 6, 0, 0, 0, 0, 0, 0, 1.9, 1.9, 0, 10, 1048576, 0, 0, 0, 0, 0, 0, 0, 0, 0, 0, 0, 0, 0, 0, 0, 0, 0, 0, 0, 0, 0, '', 0, 3, 1, 1, 1, 0, 0, 0, 0, 0, 0, 0, 0, 1, 0, 0, 2, '', 1),
  (60177, 0, 0, 0, 0, 0, 328, 0, 0, 0, 'Stonetalon Peak', '', '', 0, 85, 85, 0, 35, 35, 0, 0, 0, 1, 0, 3.8, 3.8, 0, 46, 1, 0, 0, 1, 6, 0, 0, 0, 0, 0, 0, 1.9, 1.9, 0, 10, 1048576, 0, 0, 0, 0, 0, 0, 0, 0, 0, 0, 0, 0, 0, 0, 0, 0, 0, 0, 0, 0, 0, '', 0, 3, 1, 1, 1, 0, 0, 0, 0, 0, 0, 0, 0, 1, 0, 0, 2, '', 1),
  (60179, 0, 0, 0, 0, 0, 328, 0, 0, 0, 'Ruins of Eldre\'Thar', '', '', 0, 85, 85, 0, 35, 35, 0, 0, 0, 1, 0, 3.8, 3.8, 0, 46, 1, 0, 0, 1, 6, 0, 0, 0, 0, 0, 0, 1.9, 1.9, 0, 10, 1048576, 0, 0, 0, 0, 0, 0, 0, 0, 0, 0, 0, 0, 0, 0, 0, 0, 0, 0, 0, 0, 0, '', 0, 3, 1, 1, 1, 0, 0, 0, 0, 0, 0, 0, 0, 1, 0, 0, 2, '', 1),
  (60181, 0, 0, 0, 0, 0, 328, 0, 0, 0, 'Unearthed Grounds', '', '', 0, 85, 85, 0, 35, 35, 0, 0, 0, 1, 0, 3.8, 3.8, 0, 46, 1, 0, 0, 1, 6, 0, 0, 0, 0, 0, 0, 1.9, 1.9, 0, 10, 1048576, 0, 0, 0, 0, 0, 0, 0, 0, 0, 0, 0, 0, 0, 0, 0, 0, 0, 0, 0, 0, 0, '', 0, 3, 1, 1, 1, 0, 0, 0, 0, 0, 0, 0, 0, 1, 0, 0, 2, '', 1),
  (60183, 0, 0, 0, 0, 0, 328, 0, 0, 0, 'Bael Modan Digsite', '', '', 0, 85, 85, 0, 35, 35, 0, 0, 0, 1, 0, 3.8, 3.8, 0, 46, 1, 0, 0, 1, 6, 0, 0, 0, 0, 0, 0, 1.9, 1.9, 0, 10, 1048576, 0, 0, 0, 0, 0, 0, 0, 0, 0, 0, 0, 0, 0, 0, 0, 0, 0, 0, 0, 0, 0, '', 0, 3, 1, 1, 1, 0, 0, 0, 0, 0, 0, 0, 0, 1, 0, 0, 2, '', 1),
  (60185, 0, 0, 0, 0, 0, 328, 0, 0, 0, 'Ruins of Eldarath', '', '', 0, 85, 85, 0, 35, 35, 0, 0, 0, 1, 0, 3.8, 3.8, 0, 46, 1, 0, 0, 1, 6, 0, 0, 0, 0, 0, 0, 1.9, 1.9, 0, 10, 1048576, 0, 0, 0, 0, 0, 0, 0, 0, 0, 0, 0, 0, 0, 0, 0, 0, 0, 0, 0, 0, 0, '', 0, 3, 1, 1, 1, 0, 0, 0, 0, 0, 0, 0, 0, 1, 0, 0, 2, '', 1),
  (60187, 0, 0, 0, 0, 0, 328, 0, 0, 0, 'Ruins of Arkkoran', '', '', 0, 85, 85, 0, 35, 35, 0, 0, 0, 1, 0, 3.8, 3.8, 0, 46, 1, 0, 0, 1, 6, 0, 0, 0, 0, 0, 0, 1.9, 1.9, 0, 10, 1048576, 0, 0, 0, 0, 0, 0, 0, 0, 0, 0, 0, 0, 0, 0, 0, 0, 0, 0, 0, 0, 0, '', 0, 3, 1, 1, 1, 0, 0, 0, 0, 0, 0, 0, 0, 1, 0, 0, 2, '', 1),
  (60189, 0, 0, 0, 0, 0, 328, 0, 0, 0, 'Lakeridge Highway Fossil Bank', '', '', 0, 85, 85, 0, 35, 35, 0, 0, 0, 1, 0, 3.8, 3.8, 0, 46, 1, 0, 0, 1, 6, 0, 0, 0, 0, 0, 0, 1.9, 1.9, 0, 10, 1048576, 0, 0, 0, 0, 0, 0, 0, 0, 0, 0, 0, 0, 0, 0, 0, 0, 0, 0, 0, 0, 0, '', 0, 3, 1, 1, 1, 0, 0, 0, 0, 0, 0, 0, 0, 1, 0, 0, 2, '', 1),
  (60191, 0, 0, 0, 0, 0, 328, 0, 0, 0, 'Slitherblade Shore Digsite', '', '', 0, 85, 85, 0, 35, 35, 0, 0, 0, 1, 0, 3.8, 3.8, 0, 46, 1, 0, 0, 1, 6, 0, 0, 0, 0, 0, 0, 1.9, 1.9, 0, 10, 1048576, 0, 0, 0, 0, 0, 0, 0, 0, 0, 0, 0, 0, 0, 0, 0, 0, 0, 0, 0, 0, 0, '', 0, 3, 1, 1, 1, 0, 0, 0, 0, 0, 0, 0, 0, 1, 0, 0, 2, '', 1),
  (60193, 0, 0, 0, 0, 0, 328, 0, 0, 0, 'Ethel Rethor Digsite', '', '', 0, 85, 85, 0, 35, 35, 0, 0, 0, 1, 0, 3.8, 3.8, 0, 46, 1, 0, 0, 1, 6, 0, 0, 0, 0, 0, 0, 1.9, 1.9, 0, 10, 1048576, 0, 0, 0, 0, 0, 0, 0, 0, 0, 0, 0, 0, 0, 0, 0, 0, 0, 0, 0, 0, 0, '', 0, 3, 1, 1, 1, 0, 0, 0, 0, 0, 0, 0, 0, 1, 0, 0, 2, '', 1),
  (60195, 0, 0, 0, 0, 0, 328, 0, 0, 0, 'Valley of Bones', '', '', 0, 85, 85, 0, 35, 35, 0, 0, 0, 1, 0, 3.8, 3.8, 0, 46, 1, 0, 0, 1, 6, 0, 0, 0, 0, 0, 0, 1.9, 1.9, 0, 10, 1048576, 0, 0, 0, 0, 0, 0, 0, 0, 0, 0, 0, 0, 0, 0, 0, 0, 0, 0, 0, 0, 0, '', 0, 3, 1, 1, 1, 0, 0, 0, 0, 0, 0, 0, 0, 1, 0, 0, 2, '', 1),
  (60197, 0, 0, 0, 0, 0, 328, 0, 0, 0, 'Mannoroc Coven Digsite', '', '', 0, 85, 85, 0, 35, 35, 0, 0, 0, 1, 0, 3.8, 3.8, 0, 46, 1, 0, 0, 1, 6, 0, 0, 0, 0, 0, 0, 1.9, 1.9, 0, 10, 1048576, 0, 0, 0, 0, 0, 0, 0, 0, 0, 0, 0, 0, 0, 0, 0, 0, 0, 0, 0, 0, 0, '', 0, 3, 1, 1, 1, 0, 0, 0, 0, 0, 0, 0, 0, 1, 0, 0, 2, '', 1),
  (60199, 0, 0, 0, 0, 0, 328, 0, 0, 0, 'Kodo Graveyard', '', '', 0, 85, 85, 0, 35, 35, 0, 0, 0, 1, 0, 3.8, 3.8, 0, 46, 1, 0, 0, 1, 6, 0, 0, 0, 0, 0, 0, 1.9, 1.9, 0, 10, 1048576, 0, 0, 0, 0, 0, 0, 0, 0, 0, 0, 0, 0, 0, 0, 0, 0, 0, 0, 0, 0, 0, '', 0, 3, 1, 1, 1, 0, 0, 0, 0, 0, 0, 0, 0, 1, 0, 0, 2, '', 1),
  (60201, 0, 0, 0, 0, 0, 328, 0, 0, 0, 'Sargeron Digsite', '', '', 0, 85, 85, 0, 35, 35, 0, 0, 0, 1, 0, 3.8, 3.8, 0, 46, 1, 0, 0, 1, 6, 0, 0, 0, 0, 0, 0, 1.9, 1.9, 0, 10, 1048576, 0, 0, 0, 0, 0, 0, 0, 0, 0, 0, 0, 0, 0, 0, 0, 0, 0, 0, 0, 0, 0, '', 0, 3, 1, 1, 1, 0, 0, 0, 0, 0, 0, 0, 0, 1, 0, 0, 2, '', 1),
  (60203, 0, 0, 0, 0, 0, 328, 0, 0, 0, 'Red Reaches Fossil Bank', '', '', 0, 85, 85, 0, 35, 35, 0, 0, 0, 1, 0, 3.8, 3.8, 0, 46, 1, 0, 0, 1, 6, 0, 0, 0, 0, 0, 0, 1.9, 1.9, 0, 10, 1048576, 0, 0, 0, 0, 0, 0, 0, 0, 0, 0, 0, 0, 0, 0, 0, 0, 0, 0, 0, 0, 0, '', 0, 3, 1, 1, 1, 0, 0, 0, 0, 0, 0, 0, 0, 1, 0, 0, 2, '', 1),
  (60205, 0, 0, 0, 0, 0, 328, 0, 0, 0, 'Dreadmaul Fossil Field', '', '', 0, 85, 85, 0, 35, 35, 0, 0, 0, 1, 0, 3.8, 3.8, 0, 46, 1, 0, 0, 1, 6, 0, 0, 0, 0, 0, 0, 1.9, 1.9, 0, 10, 1048576, 0, 0, 0, 0, 0, 0, 0, 0, 0, 0, 0, 0, 0, 0, 0, 0, 0, 0, 0, 0, 0, '', 0, 3, 1, 1, 1, 0, 0, 0, 0, 0, 0, 0, 0, 1, 0, 0, 2, '', 1),
  (60207, 0, 0, 0, 0, 0, 328, 0, 0, 0, 'Grimsilt Digsite', '', '', 0, 85, 85, 0, 35, 35, 0, 0, 0, 1, 0, 3.8, 3.8, 0, 46, 1, 0, 0, 1, 6, 0, 0, 0, 0, 0, 0, 1.9, 1.9, 0, 10, 1048576, 0, 0, 0, 0, 0, 0, 0, 0, 0, 0, 0, 0, 0, 0, 0, 0, 0, 0, 0, 0, 0, '', 0, 3, 1, 1, 1, 0, 0, 0, 0, 0, 0, 0, 0, 1, 0, 0, 2, '', 1),
  (60209, 0, 0, 0, 0, 0, 328, 0, 0, 0, 'Pyrox Flats Digsite', '', '', 0, 85, 85, 0, 35, 35, 0, 0, 0, 1, 0, 3.8, 3.8, 0, 46, 1, 0, 0, 1, 6, 0, 0, 0, 0, 0, 0, 1.9, 1.9, 0, 10, 1048576, 0, 0, 0, 0, 0, 0, 0, 0, 0, 0, 0, 0, 0, 0, 0, 0, 0, 0, 0, 0, 0, '', 0, 3, 1, 1, 1, 0, 0, 0, 0, 0, 0, 0, 0, 1, 0, 0, 2, '', 1),
  (60211, 0, 0, 0, 0, 0, 328, 0, 0, 0, 'Western Ruins of Thaurissan', '', '', 0, 85, 85, 0, 35, 35, 0, 0, 0, 1, 0, 3.8, 3.8, 0, 46, 1, 0, 0, 1, 6, 0, 0, 0, 0, 0, 0, 1.9, 1.9, 0, 10, 1048576, 0, 0, 0, 0, 0, 0, 0, 0, 0, 0, 0, 0, 0, 0, 0, 0, 0, 0, 0, 0, 0, '', 0, 3, 1, 1, 1, 0, 0, 0, 0, 0, 0, 0, 0, 1, 0, 0, 2, '', 1),
  (60213, 0, 0, 0, 0, 0, 328, 0, 0, 0, 'Eastern Ruins of Thaurissan', '', '', 0, 85, 85, 0, 35, 35, 0, 0, 0, 1, 0, 3.8, 3.8, 0, 46, 1, 0, 0, 1, 6, 0, 0, 0, 0, 0, 0, 1.9, 1.9, 0, 10, 1048576, 0, 0, 0, 0, 0, 0, 0, 0, 0, 0, 0, 0, 0, 0, 0, 0, 0, 0, 0, 0, 0, '', 0, 3, 1, 1, 1, 0, 0, 0, 0, 0, 0, 0, 0, 1, 0, 0, 2, '', 1),
  (60215, 0, 0, 0, 0, 0, 328, 0, 0, 0, 'Terror Wing Fossil Field', '', '', 0, 85, 85, 0, 35, 35, 0, 0, 0, 1, 0, 3.8, 3.8, 0, 46, 1, 0, 0, 1, 6, 0, 0, 0, 0, 0, 0, 1.9, 1.9, 0, 10, 1048576, 0, 0, 0, 0, 0, 0, 0, 0, 0, 0, 0, 0, 0, 0, 0, 0, 0, 0, 0, 0, 0, '', 0, 3, 1, 1, 1, 0, 0, 0, 0, 0, 0, 0, 0, 1, 0, 0, 2, '', 1),
  (60217, 0, 0, 0, 0, 0, 328, 0, 0, 0, 'Zul\'Mashar Digsite', '', '', 0, 85, 85, 0, 35, 35, 0, 0, 0, 1, 0, 3.8, 3.8, 0, 46, 1, 0, 0, 1, 6, 0, 0, 0, 0, 0, 0, 1.9, 1.9, 0, 10, 1048576, 0, 0, 0, 0, 0, 0, 0, 0, 0, 0, 0, 0, 0, 0, 0, 0, 0, 0, 0, 0, 0, '', 0, 3, 1, 1, 1, 0, 0, 0, 0, 0, 0, 0, 0, 1, 0, 0, 2, '', 1),
  (60219, 0, 0, 0, 0, 0, 328, 0, 0, 0, 'Quel\'Lithien Lodge Digsite', '', '', 0, 85, 85, 0, 35, 35, 0, 0, 0, 1, 0, 3.8, 3.8, 0, 46, 1, 0, 0, 1, 6, 0, 0, 0, 0, 0, 0, 1.9, 1.9, 0, 10, 1048576, 0, 0, 0, 0, 0, 0, 0, 0, 0, 0, 0, 0, 0, 0, 0, 0, 0, 0, 0, 0, 0, '', 0, 3, 1, 1, 1, 0, 0, 0, 0, 0, 0, 0, 0, 1, 0, 0, 2, '', 1),
  (60221, 0, 0, 0, 0, 0, 328, 0, 0, 0, 'Infectis Scar Fossil Field', '', '', 0, 85, 85, 0, 35, 35, 0, 0, 0, 1, 0, 3.8, 3.8, 0, 46, 1, 0, 0, 1, 6, 0, 0, 0, 0, 0, 0, 1.9, 1.9, 0, 10, 1048576, 0, 0, 0, 0, 0, 0, 0, 0, 0, 0, 0, 0, 0, 0, 0, 0, 0, 0, 0, 0, 0, '', 0, 3, 1, 1, 1, 0, 0, 0, 0, 0, 0, 0, 0, 1, 0, 0, 2, '', 1),
  (60223, 0, 0, 0, 0, 0, 328, 0, 0, 0, 'Eastern Zul\'Kunda Digsite', '', '', 0, 85, 85, 0, 35, 35, 0, 0, 0, 1, 0, 3.8, 3.8, 0, 46, 1, 0, 0, 1, 6, 0, 0, 0, 0, 0, 0, 1.9, 1.9, 0, 10, 1048576, 0, 0, 0, 0, 0, 0, 0, 0, 0, 0, 0, 0, 0, 0, 0, 0, 0, 0, 0, 0, 0, '', 0, 3, 1, 1, 1, 0, 0, 0, 0, 0, 0, 0, 0, 1, 0, 0, 2, '', 1),
  (60225, 0, 0, 0, 0, 0, 328, 0, 0, 0, 'Western Zul\'Kunda Digsite', '', '', 0, 85, 85, 0, 35, 35, 0, 0, 0, 1, 0, 3.8, 3.8, 0, 46, 1, 0, 0, 1, 6, 0, 0, 0, 0, 0, 0, 1.9, 1.9, 0, 10, 1048576, 0, 0, 0, 0, 0, 0, 0, 0, 0, 0, 0, 0, 0, 0, 0, 0, 0, 0, 0, 0, 0, '', 0, 3, 1, 1, 1, 0, 0, 0, 0, 0, 0, 0, 0, 1, 0, 0, 2, '', 1),
  (60227, 0, 0, 0, 0, 0, 328, 0, 0, 0, 'Bal\'lal Ruins Digsite', '', '', 0, 85, 85, 0, 35, 35, 0, 0, 0, 1, 0, 3.8, 3.8, 0, 46, 1, 0, 0, 1, 6, 0, 0, 0, 0, 0, 0, 1.9, 1.9, 0, 10, 1048576, 0, 0, 0, 0, 0, 0, 0, 0, 0, 0, 0, 0, 0, 0, 0, 0, 0, 0, 0, 0, 0, '', 0, 3, 1, 1, 1, 0, 0, 0, 0, 0, 0, 0, 0, 1, 0, 0, 2, '', 1),
  (60229, 0, 0, 0, 0, 0, 328, 0, 0, 0, 'Balia\'mah Digsite', '', '', 0, 85, 85, 0, 35, 35, 0, 0, 0, 1, 0, 3.8, 3.8, 0, 46, 1, 0, 0, 1, 6, 0, 0, 0, 0, 0, 0, 1.9, 1.9, 0, 10, 1048576, 0, 0, 0, 0, 0, 0, 0, 0, 0, 0, 0, 0, 0, 0, 0, 0, 0, 0, 0, 0, 0, '', 0, 3, 1, 1, 1, 0, 0, 0, 0, 0, 0, 0, 0, 1, 0, 0, 2, '', 1),
  (60231, 0, 0, 0, 0, 0, 328, 0, 0, 0, 'Ziata\'jai Digsite', '', '', 0, 85, 85, 0, 35, 35, 0, 0, 0, 1, 0, 3.8, 3.8, 0, 46, 1, 0, 0, 1, 6, 0, 0, 0, 0, 0, 0, 1.9, 1.9, 0, 10, 1048576, 0, 0, 0, 0, 0, 0, 0, 0, 0, 0, 0, 0, 0, 0, 0, 0, 0, 0, 0, 0, 0, '', 0, 3, 1, 1, 1, 0, 0, 0, 0, 0, 0, 0, 0, 1, 0, 0, 2, '', 1),
  (60233, 0, 0, 0, 0, 0, 328, 0, 0, 0, 'Eastern Zul\'Mamwe Digsite', '', '', 0, 85, 85, 0, 35, 35, 0, 0, 0, 1, 0, 3.8, 3.8, 0, 46, 1, 0, 0, 1, 6, 0, 0, 0, 0, 0, 0, 1.9, 1.9, 0, 10, 1048576, 0, 0, 0, 0, 0, 0, 0, 0, 0, 0, 0, 0, 0, 0, 0, 0, 0, 0, 0, 0, 0, '', 0, 3, 1, 1, 1, 0, 0, 0, 0, 0, 0, 0, 0, 1, 0, 0, 2, '', 1),
  (60235, 0, 0, 0, 0, 0, 328, 0, 0, 0, 'Western Zul\'Mamwe Digsite', '', '', 0, 85, 85, 0, 35, 35, 0, 0, 0, 1, 0, 3.8, 3.8, 0, 46, 1, 0, 0, 1, 6, 0, 0, 0, 0, 0, 0, 1.9, 1.9, 0, 10, 1048576, 0, 0, 0, 0, 0, 0, 0, 0, 0, 0, 0, 0, 0, 0, 0, 0, 0, 0, 0, 0, 0, '', 0, 3, 1, 1, 1, 0, 0, 0, 0, 0, 0, 0, 0, 1, 0, 0, 2, '', 1),
  (60237, 0, 0, 0, 0, 0, 328, 0, 0, 0, 'Savage Coast Raptor Fields', '', '', 0, 85, 85, 0, 35, 35, 0, 0, 0, 1, 0, 3.8, 3.8, 0, 46, 1, 0, 0, 1, 6, 0, 0, 0, 0, 0, 0, 1.9, 1.9, 0, 10, 1048576, 0, 0, 0, 0, 0, 0, 0, 0, 0, 0, 0, 0, 0, 0, 0, 0, 0, 0, 0, 0, 0, '', 0, 3, 1, 1, 1, 0, 0, 0, 0, 0, 0, 0, 0, 1, 0, 0, 2, '', 1),
  (60239, 0, 0, 0, 0, 0, 328, 0, 0, 0, 'Ruins of Aboraz', '', '', 0, 85, 85, 0, 35, 35, 0, 0, 0, 1, 0, 3.8, 3.8, 0, 46, 1, 0, 0, 1, 6, 0, 0, 0, 0, 0, 0, 1.9, 1.9, 0, 10, 1048576, 0, 0, 0, 0, 0, 0, 0, 0, 0, 0, 0, 0, 0, 0, 0, 0, 0, 0, 0, 0, 0, '', 0, 3, 1, 1, 1, 0, 0, 0, 0, 0, 0, 0, 0, 1, 0, 0, 2, '', 1),
  (60241, 0, 0, 0, 0, 0, 328, 0, 0, 0, 'Ruins of Jubuwal', '', '', 0, 85, 85, 0, 35, 35, 0, 0, 0, 1, 0, 3.8, 3.8, 0, 46, 1, 0, 0, 1, 6, 0, 0, 0, 0, 0, 0, 1.9, 1.9, 0, 10, 1048576, 0, 0, 0, 0, 0, 0, 0, 0, 0, 0, 0, 0, 0, 0, 0, 0, 0, 0, 0, 0, 0, '', 0, 3, 1, 1, 1, 0, 0, 0, 0, 0, 0, 0, 0, 1, 0, 0, 2, '', 1),
  (60243, 0, 0, 0, 0, 0, 328, 0, 0, 0, 'Gurubashi Arena Digsite', '', '', 0, 85, 85, 0, 35, 35, 0, 0, 0, 1, 0, 3.8, 3.8, 0, 46, 1, 0, 0, 1, 6, 0, 0, 0, 0, 0, 0, 1.9, 1.9, 0, 10, 1048576, 0, 0, 0, 0, 0, 0, 0, 0, 0, 0, 0, 0, 0, 0, 0, 0, 0, 0, 0, 0, 0, '', 0, 3, 1, 1, 1, 0, 0, 0, 0, 0, 0, 0, 0, 1, 0, 0, 2, '', 1),
  (60245, 0, 0, 0, 0, 0, 328, 0, 0, 0, 'Nek\'mani Wellspring Digsite', '', '', 0, 85, 85, 0, 35, 35, 0, 0, 0, 1, 0, 3.8, 3.8, 0, 46, 1, 0, 0, 1, 6, 0, 0, 0, 0, 0, 0, 1.9, 1.9, 0, 10, 1048576, 0, 0, 0, 0, 0, 0, 0, 0, 0, 0, 0, 0, 0, 0, 0, 0, 0, 0, 0, 0, 0, '', 0, 3, 1, 1, 1, 0, 0, 0, 0, 0, 0, 0, 0, 1, 0, 0, 2, '', 1),
  (60247, 0, 0, 0, 0, 0, 328, 0, 0, 0, 'Felstone Fossil Field', '', '', 0, 85, 85, 0, 35, 35, 0, 0, 0, 1, 0, 3.8, 3.8, 0, 46, 1, 0, 0, 1, 6, 0, 0, 0, 0, 0, 0, 1.9, 1.9, 0, 10, 1048576, 0, 0, 0, 0, 0, 0, 0, 0, 0, 0, 0, 0, 0, 0, 0, 0, 0, 0, 0, 0, 0, '', 0, 3, 1, 1, 1, 0, 0, 0, 0, 0, 0, 0, 0, 1, 0, 0, 2, '', 1),
  (60249, 0, 0, 0, 0, 0, 328, 0, 0, 0, 'Northridge Fossil Field', '', '', 0, 85, 85, 0, 35, 35, 0, 0, 0, 1, 0, 3.8, 3.8, 0, 46, 1, 0, 0, 1, 6, 0, 0, 0, 0, 0, 0, 1.9, 1.9, 0, 10, 1048576, 0, 0, 0, 0, 0, 0, 0, 0, 0, 0, 0, 0, 0, 0, 0, 0, 0, 0, 0, 0, 0, '', 0, 3, 1, 1, 1, 0, 0, 0, 0, 0, 0, 0, 0, 1, 0, 0, 2, '', 1),
  (60251, 0, 0, 0, 0, 0, 328, 0, 0, 0, 'Andorhal Fossil Bank', '', '', 0, 85, 85, 0, 35, 35, 0, 0, 0, 1, 0, 3.8, 3.8, 0, 46, 1, 0, 0, 1, 6, 0, 0, 0, 0, 0, 0, 1.9, 1.9, 0, 10, 1048576, 0, 0, 0, 0, 0, 0, 0, 0, 0, 0, 0, 0, 0, 0, 0, 0, 0, 0, 0, 0, 0, '', 0, 3, 1, 1, 1, 0, 0, 0, 0, 0, 0, 0, 0, 1, 0, 0, 2, '', 1),
  (60259, 0, 0, 0, 0, 0, 328, 0, 0, 0, 'Wyrmbog Fossil Field', '', '', 0, 85, 85, 0, 35, 35, 0, 0, 0, 1, 0, 3.8, 3.8, 0, 46, 1, 0, 0, 1, 6, 0, 0, 0, 0, 0, 0, 1.9, 1.9, 0, 10, 1048576, 0, 0, 0, 0, 0, 0, 0, 0, 0, 0, 0, 0, 0, 0, 0, 0, 0, 0, 0, 0, 0, '', 0, 3, 1, 1, 1, 0, 0, 0, 0, 0, 0, 0, 0, 1, 0, 0, 2, '', 1),
  (60261, 0, 0, 0, 0, 0, 328, 0, 0, 0, 'Quagmire Fossil Field', '', '', 0, 85, 85, 0, 35, 35, 0, 0, 0, 1, 0, 3.8, 3.8, 0, 46, 1, 0, 0, 1, 6, 0, 0, 0, 0, 0, 0, 1.9, 1.9, 0, 10, 1048576, 0, 0, 0, 0, 0, 0, 0, 0, 0, 0, 0, 0, 0, 0, 0, 0, 0, 0, 0, 0, 0, '', 0, 3, 1, 1, 1, 0, 0, 0, 0, 0, 0, 0, 0, 1, 0, 0, 2, '', 1),
  (60279, 0, 0, 0, 0, 0, 328, 0, 0, 0, 'Dire Maul Digsite', '', '', 0, 85, 85, 0, 35, 35, 0, 0, 0, 1, 0, 3.8, 3.8, 0, 46, 1, 0, 0, 1, 6, 0, 0, 0, 0, 0, 0, 1.9, 1.9, 0, 10, 1048576, 0, 0, 0, 0, 0, 0, 0, 0, 0, 0, 0, 0, 0, 0, 0, 0, 0, 0, 0, 0, 0, '', 0, 3, 1, 1, 1, 0, 0, 0, 0, 0, 0, 0, 0, 1, 0, 0, 2, '', 1),
  (60281, 0, 0, 0, 0, 0, 328, 0, 0, 0, 'Broken Commons Digsite', '', '', 0, 85, 85, 0, 35, 35, 0, 0, 0, 1, 0, 3.8, 3.8, 0, 46, 1, 0, 0, 1, 6, 0, 0, 0, 0, 0, 0, 1.9, 1.9, 0, 10, 1048576, 0, 0, 0, 0, 0, 0, 0, 0, 0, 0, 0, 0, 0, 0, 0, 0, 0, 0, 0, 0, 0, '', 0, 3, 1, 1, 1, 0, 0, 0, 0, 0, 0, 0, 0, 1, 0, 0, 2, '', 1),
  (60283, 0, 0, 0, 0, 0, 328, 0, 0, 0, 'Ravenwind Digsite', '', '', 0, 85, 85, 0, 35, 35, 0, 0, 0, 1, 0, 3.8, 3.8, 0, 46, 1, 0, 0, 1, 6, 0, 0, 0, 0, 0, 0, 1.9, 1.9, 0, 10, 1048576, 0, 0, 0, 0, 0, 0, 0, 0, 0, 0, 0, 0, 0, 0, 0, 0, 0, 0, 0, 0, 0, '', 0, 3, 1, 1, 1, 0, 0, 0, 0, 0, 0, 0, 0, 1, 0, 0, 2, '', 1),
  (60285, 0, 0, 0, 0, 0, 328, 0, 0, 0, 'Oneiros Digsite', '', '', 0, 85, 85, 0, 35, 35, 0, 0, 0, 1, 0, 3.8, 3.8, 0, 46, 1, 0, 0, 1, 6, 0, 0, 0, 0, 0, 0, 1.9, 1.9, 0, 10, 1048576, 0, 0, 0, 0, 0, 0, 0, 0, 0, 0, 0, 0, 0, 0, 0, 0, 0, 0, 0, 0, 0, '', 0, 3, 1, 1, 1, 0, 0, 0, 0, 0, 0, 0, 0, 1, 0, 0, 2, '', 1),
  (60287, 0, 0, 0, 0, 0, 328, 0, 0, 0, 'Solarsal Digsite', '', '', 0, 85, 85, 0, 35, 35, 0, 0, 0, 1, 0, 3.8, 3.8, 0, 46, 1, 0, 0, 1, 6, 0, 0, 0, 0, 0, 0, 1.9, 1.9, 0, 10, 1048576, 0, 0, 0, 0, 0, 0, 0, 0, 0, 0, 0, 0, 0, 0, 0, 0, 0, 0, 0, 0, 0, '', 0, 3, 1, 1, 1, 0, 0, 0, 0, 0, 0, 0, 0, 1, 0, 0, 2, '', 1),
  (60289, 0, 0, 0, 0, 0, 328, 0, 0, 0, 'Darkmist Digsite', '', '', 0, 85, 85, 0, 35, 35, 0, 0, 0, 1, 0, 3.8, 3.8, 0, 46, 1, 0, 0, 1, 6, 0, 0, 0, 0, 0, 0, 1.9, 1.9, 0, 10, 1048576, 0, 0, 0, 0, 0, 0, 0, 0, 0, 0, 0, 0, 0, 0, 0, 0, 0, 0, 0, 0, 0, '', 0, 3, 1, 1, 1, 0, 0, 0, 0, 0, 0, 0, 0, 1, 0, 0, 2, '', 1),
  (60291, 0, 0, 0, 0, 0, 328, 0, 0, 0, 'South Isildien Digsite', '', '', 0, 85, 85, 0, 35, 35, 0, 0, 0, 1, 0, 3.8, 3.8, 0, 46, 1, 0, 0, 1, 6, 0, 0, 0, 0, 0, 0, 1.9, 1.9, 0, 10, 1048576, 0, 0, 0, 0, 0, 0, 0, 0, 0, 0, 0, 0, 0, 0, 0, 0, 0, 0, 0, 0, 0, '', 0, 3, 1, 1, 1, 0, 0, 0, 0, 0, 0, 0, 0, 1, 0, 0, 2, '', 1),
  (60293, 0, 0, 0, 0, 0, 328, 0, 0, 0, 'North Isildien Digsite', '', '', 0, 85, 85, 0, 35, 35, 0, 0, 0, 1, 0, 3.8, 3.8, 0, 46, 1, 0, 0, 1, 6, 0, 0, 0, 0, 0, 0, 1.9, 1.9, 0, 10, 1048576, 0, 0, 0, 0, 0, 0, 0, 0, 0, 0, 0, 0, 0, 0, 0, 0, 0, 0, 0, 0, 0, '', 0, 3, 1, 1, 1, 0, 0, 0, 0, 0, 0, 0, 0, 1, 0, 0, 2, '', 1),
  (60295, 0, 0, 0, 0, 0, 328, 0, 0, 0, 'Constellas Digsite', '', '', 0, 85, 85, 0, 35, 35, 0, 0, 0, 1, 0, 3.8, 3.8, 0, 46, 1, 0, 0, 1, 6, 0, 0, 0, 0, 0, 0, 1.9, 1.9, 0, 10, 1048576, 0, 0, 0, 0, 0, 0, 0, 0, 0, 0, 0, 0, 0, 0, 0, 0, 0, 0, 0, 0, 0, '', 0, 3, 1, 1, 1, 0, 0, 0, 0, 0, 0, 0, 0, 1, 0, 0, 2, '', 1),
  (60297, 0, 0, 0, 0, 0, 328, 0, 0, 0, 'Morlos\'Aran Digsite', '', '', 0, 85, 85, 0, 35, 35, 0, 0, 0, 1, 0, 3.8, 3.8, 0, 46, 1, 0, 0, 1, 6, 0, 0, 0, 0, 0, 0, 1.9, 1.9, 0, 10, 1048576, 0, 0, 0, 0, 0, 0, 0, 0, 0, 0, 0, 0, 0, 0, 0, 0, 0, 0, 0, 0, 0, '', 0, 3, 1, 1, 1, 0, 0, 0, 0, 0, 0, 0, 0, 1, 0, 0, 2, '', 1),
  (60299, 0, 0, 0, 0, 0, 328, 0, 0, 0, 'Jaedenar Digsite', '', '', 0, 85, 85, 0, 35, 35, 0, 0, 0, 1, 0, 3.8, 3.8, 0, 46, 1, 0, 0, 1, 6, 0, 0, 0, 0, 0, 0, 1.9, 1.9, 0, 10, 1048576, 0, 0, 0, 0, 0, 0, 0, 0, 0, 0, 0, 0, 0, 0, 0, 0, 0, 0, 0, 0, 0, '', 0, 3, 1, 1, 1, 0, 0, 0, 0, 0, 0, 0, 0, 1, 0, 0, 2, '', 1),
  (60301, 0, 0, 0, 0, 0, 328, 0, 0, 0, 'Ironwood Digsite', '', '', 0, 85, 85, 0, 35, 35, 0, 0, 0, 1, 0, 3.8, 3.8, 0, 46, 1, 0, 0, 1, 6, 0, 0, 0, 0, 0, 0, 1.9, 1.9, 0, 10, 1048576, 0, 0, 0, 0, 0, 0, 0, 0, 0, 0, 0, 0, 0, 0, 0, 0, 0, 0, 0, 0, 0, '', 0, 3, 1, 1, 1, 0, 0, 0, 0, 0, 0, 0, 0, 1, 0, 0, 2, '', 1),
  (60303, 0, 0, 0, 0, 0, 328, 0, 0, 0, 'Lake Kel\'Theril Digsite', '', '', 0, 85, 85, 0, 35, 35, 0, 0, 0, 1, 0, 3.8, 3.8, 0, 46, 1, 0, 0, 1, 6, 0, 0, 0, 0, 0, 0, 1.9, 1.9, 0, 10, 1048576, 0, 0, 0, 0, 0, 0, 0, 0, 0, 0, 0, 0, 0, 0, 0, 0, 0, 0, 0, 0, 0, '', 0, 3, 1, 1, 1, 0, 0, 0, 0, 0, 0, 0, 0, 1, 0, 0, 2, '', 1),
  (60305, 0, 0, 0, 0, 0, 328, 0, 0, 0, 'Owl Wing Thicket Digsite', '', '', 0, 85, 85, 0, 35, 35, 0, 0, 0, 1, 0, 3.8, 3.8, 0, 46, 1, 0, 0, 1, 6, 0, 0, 0, 0, 0, 0, 1.9, 1.9, 0, 10, 1048576, 0, 0, 0, 0, 0, 0, 0, 0, 0, 0, 0, 0, 0, 0, 0, 0, 0, 0, 0, 0, 0, '', 0, 3, 1, 1, 1, 0, 0, 0, 0, 0, 0, 0, 0, 1, 0, 0, 2, '', 1),
  (60307, 0, 0, 0, 0, 0, 328, 0, 0, 0, 'Frostwhisper Gorge Digsite', '', '', 0, 85, 85, 0, 35, 35, 0, 0, 0, 1, 0, 3.8, 3.8, 0, 46, 1, 0, 0, 1, 6, 0, 0, 0, 0, 0, 0, 1.9, 1.9, 0, 10, 1048576, 0, 0, 0, 0, 0, 0, 0, 0, 0, 0, 0, 0, 0, 0, 0, 0, 0, 0, 0, 0, 0, '', 0, 3, 1, 1, 1, 0, 0, 0, 0, 0, 0, 0, 0, 1, 0, 0, 2, '', 1),
  (60309, 0, 0, 0, 0, 0, 328, 0, 0, 0, 'Fields of Blood Fossil Bank', '', '', 0, 85, 85, 0, 35, 35, 0, 0, 0, 1, 0, 3.8, 3.8, 0, 46, 1, 0, 0, 1, 6, 0, 0, 0, 0, 0, 0, 1.9, 1.9, 0, 10, 1048576, 0, 0, 0, 0, 0, 0, 0, 0, 0, 0, 0, 0, 0, 0, 0, 0, 0, 0, 0, 0, 0, '', 0, 3, 1, 1, 1, 0, 0, 0, 0, 0, 0, 0, 0, 1, 0, 0, 2, '', 1),
  (60313, 0, 0, 0, 0, 0, 328, 0, 0, 0, 'Nightmare Scar Digsite', '', '', 0, 85, 85, 0, 35, 35, 0, 0, 0, 1, 0, 3.8, 3.8, 0, 46, 1, 0, 0, 1, 6, 0, 0, 0, 0, 0, 0, 1.9, 1.9, 0, 10, 1048576, 0, 0, 0, 0, 0, 0, 0, 0, 0, 0, 0, 0, 0, 0, 0, 0, 0, 0, 0, 0, 0, '', 0, 3, 1, 1, 1, 0, 0, 0, 0, 0, 0, 0, 0, 1, 0, 0, 2, '', 1),
  (60315, 0, 0, 0, 0, 0, 328, 0, 0, 0, 'Zul\'Farrak Digsite', '', '', 0, 85, 85, 0, 35, 35, 0, 0, 0, 1, 0, 3.8, 3.8, 0, 46, 1, 0, 0, 1, 6, 0, 0, 0, 0, 0, 0, 1.9, 1.9, 0, 10, 1048576, 0, 0, 0, 0, 0, 0, 0, 0, 0, 0, 0, 0, 0, 0, 0, 0, 0, 0, 0, 0, 0, '', 0, 3, 1, 1, 1, 0, 0, 0, 0, 0, 0, 0, 0, 1, 0, 0, 2, '', 1),
  (60317, 0, 0, 0, 0, 0, 328, 0, 0, 0, 'Broken Pillar Digsite', '', '', 0, 85, 85, 0, 35, 35, 0, 0, 0, 1, 0, 3.8, 3.8, 0, 46, 1, 0, 0, 1, 6, 0, 0, 0, 0, 0, 0, 1.9, 1.9, 0, 10, 1048576, 0, 0, 0, 0, 0, 0, 0, 0, 0, 0, 0, 0, 0, 0, 0, 0, 0, 0, 0, 0, 0, '', 0, 3, 1, 1, 1, 0, 0, 0, 0, 0, 0, 0, 0, 1, 0, 0, 2, '', 1),
  (60319, 0, 0, 0, 0, 0, 328, 0, 0, 0, 'Eastmoon Ruins Digsite', '', '', 0, 85, 85, 0, 35, 35, 0, 0, 0, 1, 0, 3.8, 3.8, 0, 46, 1, 0, 0, 1, 6, 0, 0, 0, 0, 0, 0, 1.9, 1.9, 0, 10, 1048576, 0, 0, 0, 0, 0, 0, 0, 0, 0, 0, 0, 0, 0, 0, 0, 0, 0, 0, 0, 0, 0, '', 0, 3, 1, 1, 1, 0, 0, 0, 0, 0, 0, 0, 0, 1, 0, 0, 2, '', 1),
  (60321, 0, 0, 0, 0, 0, 328, 0, 0, 0, 'Southmoon Ruins Digsite', '', '', 0, 85, 85, 0, 35, 35, 0, 0, 0, 1, 0, 3.8, 3.8, 0, 46, 1, 0, 0, 1, 6, 0, 0, 0, 0, 0, 0, 1.9, 1.9, 0, 10, 1048576, 0, 0, 0, 0, 0, 0, 0, 0, 0, 0, 0, 0, 0, 0, 0, 0, 0, 0, 0, 0, 0, '', 0, 3, 1, 1, 1, 0, 0, 0, 0, 0, 0, 0, 0, 1, 0, 0, 2, '', 1),
  (60323, 0, 0, 0, 0, 0, 328, 0, 0, 0, 'Dunemaul Fossil Ridge', '', '', 0, 85, 85, 0, 35, 35, 0, 0, 0, 1, 0, 3.8, 3.8, 0, 46, 1, 0, 0, 1, 6, 0, 0, 0, 0, 0, 0, 1.9, 1.9, 0, 10, 1048576, 0, 0, 0, 0, 0, 0, 0, 0, 0, 0, 0, 0, 0, 0, 0, 0, 0, 0, 0, 0, 0, '', 0, 3, 1, 1, 1, 0, 0, 0, 0, 0, 0, 0, 0, 1, 0, 0, 2, '', 1),
  (60325, 0, 0, 0, 0, 0, 328, 0, 0, 0, 'Abyssal Sands Fossil Ridge', '', '', 0, 85, 85, 0, 35, 35, 0, 0, 0, 1, 0, 3.8, 3.8, 0, 46, 1, 0, 0, 1, 6, 0, 0, 0, 0, 0, 0, 1.9, 1.9, 0, 10, 1048576, 0, 0, 0, 0, 0, 0, 0, 0, 0, 0, 0, 0, 0, 0, 0, 0, 0, 0, 0, 0, 0, '', 0, 3, 1, 1, 1, 0, 0, 0, 0, 0, 0, 0, 0, 1, 0, 0, 2, '', 1),
  (60327, 0, 0, 0, 0, 0, 328, 0, 0, 0, 'Lower Lakkari Tar Pits', '', '', 0, 85, 85, 0, 35, 35, 0, 0, 0, 1, 0, 3.8, 3.8, 0, 46, 1, 0, 0, 1, 6, 0, 0, 0, 0, 0, 0, 1.9, 1.9, 0, 10, 1048576, 0, 0, 0, 0, 0, 0, 0, 0, 0, 0, 0, 0, 0, 0, 0, 0, 0, 0, 0, 0, 0, '', 0, 3, 1, 1, 1, 0, 0, 0, 0, 0, 0, 0, 0, 1, 0, 0, 2, '', 1),
  (60329, 0, 0, 0, 0, 0, 328, 0, 0, 0, 'Upper Lakkari Tar Pits', '', '', 0, 85, 85, 0, 35, 35, 0, 0, 0, 1, 0, 3.8, 3.8, 0, 46, 1, 0, 0, 1, 6, 0, 0, 0, 0, 0, 0, 1.9, 1.9, 0, 10, 1048576, 0, 0, 0, 0, 0, 0, 0, 0, 0, 0, 0, 0, 0, 0, 0, 0, 0, 0, 0, 0, 0, '', 0, 3, 1, 1, 1, 0, 0, 0, 0, 0, 0, 0, 0, 1, 0, 0, 2, '', 1),
  (60331, 0, 0, 0, 0, 0, 328, 0, 0, 0, 'Terror Run Fossil Field', '', '', 0, 85, 85, 0, 35, 35, 0, 0, 0, 1, 0, 3.8, 3.8, 0, 46, 1, 0, 0, 1, 6, 0, 0, 0, 0, 0, 0, 1.9, 1.9, 0, 10, 1048576, 0, 0, 0, 0, 0, 0, 0, 0, 0, 0, 0, 0, 0, 0, 0, 0, 0, 0, 0, 0, 0, '', 0, 3, 1, 1, 1, 0, 0, 0, 0, 0, 0, 0, 0, 1, 0, 0, 2, '', 1),
  (60333, 0, 0, 0, 0, 0, 328, 0, 0, 0, 'Screaming Reaches Fossil Field', '', '', 0, 85, 85, 0, 35, 35, 0, 0, 0, 1, 0, 3.8, 3.8, 0, 46, 1, 0, 0, 1, 6, 0, 0, 0, 0, 0, 0, 1.9, 1.9, 0, 10, 1048576, 0, 0, 0, 0, 0, 0, 0, 0, 0, 0, 0, 0, 0, 0, 0, 0, 0, 0, 0, 0, 0, '', 0, 3, 1, 1, 1, 0, 0, 0, 0, 0, 0, 0, 0, 1, 0, 0, 2, '', 1),
  (60335, 0, 0, 0, 0, 0, 328, 0, 0, 0, 'Marshlands Fossil Bank', '', '', 0, 85, 85, 0, 35, 35, 0, 0, 0, 1, 0, 3.8, 3.8, 0, 46, 1, 0, 0, 1, 6, 0, 0, 0, 0, 0, 0, 1.9, 1.9, 0, 10, 1048576, 0, 0, 0, 0, 0, 0, 0, 0, 0, 0, 0, 0, 0, 0, 0, 0, 0, 0, 0, 0, 0, '', 0, 3, 1, 1, 1, 0, 0, 0, 0, 0, 0, 0, 0, 1, 0, 0, 2, '', 1),
  (60337, 0, 0, 0, 0, 0, 328, 0, 0, 0, 'Southwind Village Digsite', '', '', 0, 85, 85, 0, 35, 35, 0, 0, 0, 1, 0, 3.8, 3.8, 0, 46, 1, 0, 0, 1, 6, 0, 0, 0, 0, 0, 0, 1.9, 1.9, 0, 10, 1048576, 0, 0, 0, 0, 0, 0, 0, 0, 0, 0, 0, 0, 0, 0, 0, 0, 0, 0, 0, 0, 0, '', 0, 3, 1, 1, 1, 0, 0, 0, 0, 0, 0, 0, 0, 1, 0, 0, 2, '', 1),
  (60339, 0, 0, 0, 0, 0, 328, 0, 0, 0, 'Gor\'gaz Outpost Digsite', '', '', 0, 85, 85, 0, 35, 35, 0, 0, 0, 1, 0, 3.8, 3.8, 0, 46, 1, 0, 0, 1, 6, 0, 0, 0, 0, 0, 0, 1.9, 1.9, 0, 10, 1048576, 0, 0, 0, 0, 0, 0, 0, 0, 0, 0, 0, 0, 0, 0, 0, 0, 0, 0, 0, 0, 0, '', 0, 3, 1, 1, 1, 0, 0, 0, 0, 0, 0, 0, 0, 1, 0, 0, 2, '', 1),
  (60341, 0, 0, 0, 0, 0, 328, 0, 0, 0, 'Zeth\'Gor Digsite', '', '', 0, 85, 85, 0, 35, 35, 0, 0, 0, 1, 0, 3.8, 3.8, 0, 46, 1, 0, 0, 1, 6, 0, 0, 0, 0, 0, 0, 1.9, 1.9, 0, 10, 1048576, 0, 0, 0, 0, 0, 0, 0, 0, 0, 0, 0, 0, 0, 0, 0, 0, 0, 0, 0, 0, 0, '', 0, 3, 1, 1, 1, 0, 0, 0, 0, 0, 0, 0, 0, 1, 0, 0, 2, '', 1),
  (60343, 0, 0, 0, 0, 0, 328, 0, 0, 0, 'Hellfire Basin Digsite', '', '', 0, 85, 85, 0, 35, 35, 0, 0, 0, 1, 0, 3.8, 3.8, 0, 46, 1, 0, 0, 1, 6, 0, 0, 0, 0, 0, 0, 1.9, 1.9, 0, 10, 1048576, 0, 0, 0, 0, 0, 0, 0, 0, 0, 0, 0, 0, 0, 0, 0, 0, 0, 0, 0, 0, 0, '', 0, 3, 1, 1, 1, 0, 0, 0, 0, 0, 0, 0, 0, 1, 0, 0, 2, '', 1),
  (60345, 0, 0, 0, 0, 0, 328, 0, 0, 0, 'Hellfire Citadel Digsite', '', '', 0, 85, 85, 0, 35, 35, 0, 0, 0, 1, 0, 3.8, 3.8, 0, 46, 1, 0, 0, 1, 6, 0, 0, 0, 0, 0, 0, 1.9, 1.9, 0, 10, 1048576, 0, 0, 0, 0, 0, 0, 0, 0, 0, 0, 0, 0, 0, 0, 0, 0, 0, 0, 0, 0, 0, '', 0, 3, 1, 1, 1, 0, 0, 0, 0, 0, 0, 0, 0, 1, 0, 0, 2, '', 1),
  (60347, 0, 0, 0, 0, 0, 328, 0, 0, 0, 'Sha\'naar Digsite', '', '', 0, 85, 85, 0, 35, 35, 0, 0, 0, 1, 0, 3.8, 3.8, 0, 46, 1, 0, 0, 1, 6, 0, 0, 0, 0, 0, 0, 1.9, 1.9, 0, 10, 1048576, 0, 0, 0, 0, 0, 0, 0, 0, 0, 0, 0, 0, 0, 0, 0, 0, 0, 0, 0, 0, 0, '', 0, 3, 1, 1, 1, 0, 0, 0, 0, 0, 0, 0, 0, 1, 0, 0, 2, '', 1),
  (60349, 0, 0, 0, 0, 0, 328, 0, 0, 0, 'Boha\'mu Ruins Digsite', '', '', 0, 85, 85, 0, 35, 35, 0, 0, 0, 1, 0, 3.8, 3.8, 0, 46, 1, 0, 0, 1, 6, 0, 0, 0, 0, 0, 0, 1.9, 1.9, 0, 10, 1048576, 0, 0, 0, 0, 0, 0, 0, 0, 0, 0, 0, 0, 0, 0, 0, 0, 0, 0, 0, 0, 0, '', 0, 3, 1, 1, 1, 0, 0, 0, 0, 0, 0, 0, 0, 1, 0, 0, 2, '', 1),
  (60351, 0, 0, 0, 0, 0, 328, 0, 0, 0, 'Twin Spire Ruins Digsite', '', '', 0, 85, 85, 0, 35, 35, 0, 0, 0, 1, 0, 3.8, 3.8, 0, 46, 1, 0, 0, 1, 6, 0, 0, 0, 0, 0, 0, 1.9, 1.9, 0, 10, 1048576, 0, 0, 0, 0, 0, 0, 0, 0, 0, 0, 0, 0, 0, 0, 0, 0, 0, 0, 0, 0, 0, '', 0, 3, 1, 1, 1, 0, 0, 0, 0, 0, 0, 0, 0, 1, 0, 0, 2, '', 1),
  (60353, 0, 0, 0, 0, 0, 328, 0, 0, 0, 'Ruins of Enkaat Digsite', '', '', 0, 85, 85, 0, 35, 35, 0, 0, 0, 1, 0, 3.8, 3.8, 0, 46, 1, 0, 0, 1, 6, 0, 0, 0, 0, 0, 0, 1.9, 1.9, 0, 10, 1048576, 0, 0, 0, 0, 0, 0, 0, 0, 0, 0, 0, 0, 0, 0, 0, 0, 0, 0, 0, 0, 0, '', 0, 3, 1, 1, 1, 0, 0, 0, 0, 0, 0, 0, 0, 1, 0, 0, 2, '', 1),
  (60355, 0, 0, 0, 0, 0, 328, 0, 0, 0, 'Arklon Ruins Digsite', '', '', 0, 85, 85, 0, 35, 35, 0, 0, 0, 1, 0, 3.8, 3.8, 0, 46, 1, 0, 0, 1, 6, 0, 0, 0, 0, 0, 0, 1.9, 1.9, 0, 10, 1048576, 0, 0, 0, 0, 0, 0, 0, 0, 0, 0, 0, 0, 0, 0, 0, 0, 0, 0, 0, 0, 0, '', 0, 3, 1, 1, 1, 0, 0, 0, 0, 0, 0, 0, 0, 1, 0, 0, 2, '', 1),
  (60357, 0, 0, 0, 0, 0, 328, 0, 0, 0, 'Ruins of Farahlon Digsite', '', '', 0, 85, 85, 0, 35, 35, 0, 0, 0, 1, 0, 3.8, 3.8, 0, 46, 1, 0, 0, 1, 6, 0, 0, 0, 0, 0, 0, 1.9, 1.9, 0, 10, 1048576, 0, 0, 0, 0, 0, 0, 0, 0, 0, 0, 0, 0, 0, 0, 0, 0, 0, 0, 0, 0, 0, '', 0, 3, 1, 1, 1, 0, 0, 0, 0, 0, 0, 0, 0, 1, 0, 0, 2, '', 1),
  (60359, 0, 0, 0, 0, 0, 328, 0, 0, 0, 'Ancestral Grounds Digsite', '', '', 0, 85, 85, 0, 35, 35, 0, 0, 0, 1, 0, 3.8, 3.8, 0, 46, 1, 0, 0, 1, 6, 0, 0, 0, 0, 0, 0, 1.9, 1.9, 0, 10, 1048576, 0, 0, 0, 0, 0, 0, 0, 0, 0, 0, 0, 0, 0, 0, 0, 0, 0, 0, 0, 0, 0, '', 0, 3, 1, 1, 1, 0, 0, 0, 0, 0, 0, 0, 0, 1, 0, 0, 2, '', 1),
  (60363, 0, 0, 0, 0, 0, 328, 0, 0, 0, 'Sunspring Post Digsite', '', '', 0, 85, 85, 0, 35, 35, 0, 0, 0, 1, 0, 3.8, 3.8, 0, 46, 1, 0, 0, 1, 6, 0, 0, 0, 0, 0, 0, 1.9, 1.9, 0, 10, 1048576, 0, 0, 0, 0, 0, 0, 0, 0, 0, 0, 0, 0, 0, 0, 0, 0, 0, 0, 0, 0, 0, '', 0, 3, 1, 1, 1, 0, 0, 0, 0, 0, 0, 0, 0, 1, 0, 0, 2, '', 1),
  (60365, 0, 0, 0, 0, 0, 328, 0, 0, 0, 'Laughing Skull Digsite', '', '', 0, 85, 85, 0, 35, 35, 0, 0, 0, 1, 0, 3.8, 3.8, 0, 46, 1, 0, 0, 1, 6, 0, 0, 0, 0, 0, 0, 1.9, 1.9, 0, 10, 1048576, 0, 0, 0, 0, 0, 0, 0, 0, 0, 0, 0, 0, 0, 0, 0, 0, 0, 0, 0, 0, 0, '', 0, 3, 1, 1, 1, 0, 0, 0, 0, 0, 0, 0, 0, 1, 0, 0, 2, '', 1),
  (60367, 0, 0, 0, 0, 0, 328, 0, 0, 0, 'Burning Blade Digsite', '', '', 0, 85, 85, 0, 35, 35, 0, 0, 0, 1, 0, 3.8, 3.8, 0, 46, 1, 0, 0, 1, 6, 0, 0, 0, 0, 0, 0, 1.9, 1.9, 0, 10, 1048576, 0, 0, 0, 0, 0, 0, 0, 0, 0, 0, 0, 0, 0, 0, 0, 0, 0, 0, 0, 0, 0, '', 0, 3, 1, 1, 1, 0, 0, 0, 0, 0, 0, 0, 0, 1, 0, 0, 2, '', 1),
  (60369, 0, 0, 0, 0, 0, 328, 0, 0, 0, 'Halaa Digsite', '', '', 0, 85, 85, 0, 35, 35, 0, 0, 0, 1, 0, 3.8, 3.8, 0, 46, 1, 0, 0, 1, 6, 0, 0, 0, 0, 0, 0, 1.9, 1.9, 0, 10, 1048576, 0, 0, 0, 0, 0, 0, 0, 0, 0, 0, 0, 0, 0, 0, 0, 0, 0, 0, 0, 0, 0, '', 0, 3, 1, 1, 1, 0, 0, 0, 0, 0, 0, 0, 0, 1, 0, 0, 2, '', 1),
  (60371, 0, 0, 0, 0, 0, 328, 0, 0, 0, 'Grangol\'var Village Digsite', '', '', 0, 85, 85, 0, 35, 35, 0, 0, 0, 1, 0, 3.8, 3.8, 0, 46, 1, 0, 0, 1, 6, 0, 0, 0, 0, 0, 0, 1.9, 1.9, 0, 10, 1048576, 0, 0, 0, 0, 0, 0, 0, 0, 0, 0, 0, 0, 0, 0, 0, 0, 0, 0, 0, 0, 0, '', 0, 3, 1, 1, 1, 0, 0, 0, 0, 0, 0, 0, 0, 1, 0, 0, 2, '', 1),
  (60373, 0, 0, 0, 0, 0, 328, 0, 0, 0, 'Tuurem Digsite', '', '', 0, 85, 85, 0, 35, 35, 0, 0, 0, 1, 0, 3.8, 3.8, 0, 46, 1, 0, 0, 1, 6, 0, 0, 0, 0, 0, 0, 1.9, 1.9, 0, 10, 1048576, 0, 0, 0, 0, 0, 0, 0, 0, 0, 0, 0, 0, 0, 0, 0, 0, 0, 0, 0, 0, 0, '', 0, 3, 1, 1, 1, 0, 0, 0, 0, 0, 0, 0, 0, 1, 0, 0, 2, '', 1),
  (60375, 0, 0, 0, 0, 0, 328, 0, 0, 0, 'Bleeding Hollow Ruins Digsite', '', '', 0, 85, 85, 0, 35, 35, 0, 0, 0, 1, 0, 3.8, 3.8, 0, 46, 1, 0, 0, 1, 6, 0, 0, 0, 0, 0, 0, 1.9, 1.9, 0, 10, 1048576, 0, 0, 0, 0, 0, 0, 0, 0, 0, 0, 0, 0, 0, 0, 0, 0, 0, 0, 0, 0, 0, '', 0, 3, 1, 1, 1, 0, 0, 0, 0, 0, 0, 0, 0, 1, 0, 0, 2, '', 1),
  (60377, 0, 0, 0, 0, 0, 328, 0, 0, 0, 'Bonechewer Ruins Digsite', '', '', 0, 85, 85, 0, 35, 35, 0, 0, 0, 1, 0, 3.8, 3.8, 0, 46, 1, 0, 0, 1, 6, 0, 0, 0, 0, 0, 0, 1.9, 1.9, 0, 10, 1048576, 0, 0, 0, 0, 0, 0, 0, 0, 0, 0, 0, 0, 0, 0, 0, 0, 0, 0, 0, 0, 0, '', 0, 3, 1, 1, 1, 0, 0, 0, 0, 0, 0, 0, 0, 1, 0, 0, 2, '', 1),
  (60379, 0, 0, 0, 0, 0, 328, 0, 0, 0, 'Bone Wastes Digsite', '', '', 0, 85, 85, 0, 35, 35, 0, 0, 0, 1, 0, 3.8, 3.8, 0, 46, 1, 0, 0, 1, 6, 0, 0, 0, 0, 0, 0, 1.9, 1.9, 0, 10, 1048576, 0, 0, 0, 0, 0, 0, 0, 0, 0, 0, 0, 0, 0, 0, 0, 0, 0, 0, 0, 0, 0, '', 0, 3, 1, 1, 1, 0, 0, 0, 0, 0, 0, 0, 0, 1, 0, 0, 2, '', 1),
  (60381, 0, 0, 0, 0, 0, 328, 0, 0, 0, 'East Auchindoun Digsite', '', '', 0, 85, 85, 0, 35, 35, 0, 0, 0, 1, 0, 3.8, 3.8, 0, 46, 1, 0, 0, 1, 6, 0, 0, 0, 0, 0, 0, 1.9, 1.9, 0, 10, 1048576, 0, 0, 0, 0, 0, 0, 0, 0, 0, 0, 0, 0, 0, 0, 0, 0, 0, 0, 0, 0, 0, '', 0, 3, 1, 1, 1, 0, 0, 0, 0, 0, 0, 0, 0, 1, 0, 0, 2, '', 1),
  (60383, 0, 0, 0, 0, 0, 328, 0, 0, 0, 'West Auchindoun Digsite', '', '', 0, 85, 85, 0, 35, 35, 0, 0, 0, 1, 0, 3.8, 3.8, 0, 46, 1, 0, 0, 1, 6, 0, 0, 0, 0, 0, 0, 1.9, 1.9, 0, 10, 1048576, 0, 0, 0, 0, 0, 0, 0, 0, 0, 0, 0, 0, 0, 0, 0, 0, 0, 0, 0, 0, 0, '', 0, 3, 1, 1, 1, 0, 0, 0, 0, 0, 0, 0, 0, 1, 0, 0, 2, '', 1),
  (60385, 0, 0, 0, 0, 0, 328, 0, 0, 0, 'Illidari Point Digsite', '', '', 0, 85, 85, 0, 35, 35, 0, 0, 0, 1, 0, 3.8, 3.8, 0, 46, 1, 0, 0, 1, 6, 0, 0, 0, 0, 0, 0, 1.9, 1.9, 0, 10, 1048576, 0, 0, 0, 0, 0, 0, 0, 0, 0, 0, 0, 0, 0, 0, 0, 0, 0, 0, 0, 0, 0, '', 0, 3, 1, 1, 1, 0, 0, 0, 0, 0, 0, 0, 0, 1, 0, 0, 2, '', 1),
  (60387, 0, 0, 0, 0, 0, 328, 0, 0, 0, 'Coilskar Point Digsite', '', '', 0, 85, 85, 0, 35, 35, 0, 0, 0, 1, 0, 3.8, 3.8, 0, 46, 1, 0, 0, 1, 6, 0, 0, 0, 0, 0, 0, 1.9, 1.9, 0, 10, 1048576, 0, 0, 0, 0, 0, 0, 0, 0, 0, 0, 0, 0, 0, 0, 0, 0, 0, 0, 0, 0, 0, '', 0, 3, 1, 1, 1, 0, 0, 0, 0, 0, 0, 0, 0, 1, 0, 0, 2, '', 1),
  (60391, 0, 0, 0, 0, 0, 328, 0, 0, 0, 'Ruins of Baa\'ri Digsite', '', '', 0, 85, 85, 0, 35, 35, 0, 0, 0, 1, 0, 3.8, 3.8, 0, 46, 1, 0, 0, 1, 6, 0, 0, 0, 0, 0, 0, 1.9, 1.9, 0, 10, 1048576, 0, 0, 0, 0, 0, 0, 0, 0, 0, 0, 0, 0, 0, 0, 0, 0, 0, 0, 0, 0, 0, '', 0, 3, 1, 1, 1, 0, 0, 0, 0, 0, 0, 0, 0, 1, 0, 0, 2, '', 1),
  (60393, 0, 0, 0, 0, 0, 328, 0, 0, 0, 'Eclipse Point Digsite', '', '', 0, 85, 85, 0, 35, 35, 0, 0, 0, 1, 0, 3.8, 3.8, 0, 46, 1, 0, 0, 1, 6, 0, 0, 0, 0, 0, 0, 1.9, 1.9, 0, 10, 1048576, 0, 0, 0, 0, 0, 0, 0, 0, 0, 0, 0, 0, 0, 0, 0, 0, 0, 0, 0, 0, 0, '', 0, 3, 1, 1, 1, 0, 0, 0, 0, 0, 0, 0, 0, 1, 0, 0, 2, '', 1),
  (60395, 0, 0, 0, 0, 0, 328, 0, 0, 0, 'Warden\'s Cage Digsite', '', '', 0, 85, 85, 0, 35, 35, 0, 0, 0, 1, 0, 3.8, 3.8, 0, 46, 1, 0, 0, 1, 6, 0, 0, 0, 0, 0, 0, 1.9, 1.9, 0, 10, 1048576, 0, 0, 0, 0, 0, 0, 0, 0, 0, 0, 0, 0, 0, 0, 0, 0, 0, 0, 0, 0, 0, '', 0, 3, 1, 1, 1, 0, 0, 0, 0, 0, 0, 0, 0, 1, 0, 0, 2, '', 1),
  (60399, 0, 0, 0, 0, 0, 328, 0, 0, 0, 'Dragonmaw Fortress', '', '', 0, 85, 85, 0, 35, 35, 0, 0, 0, 1, 0, 3.8, 3.8, 0, 46, 1, 0, 0, 1, 6, 0, 0, 0, 0, 0, 0, 1.9, 1.9, 0, 10, 1048576, 0, 0, 0, 0, 0, 0, 0, 0, 0, 0, 0, 0, 0, 0, 0, 0, 0, 0, 0, 0, 0, '', 0, 3, 1, 1, 1, 0, 0, 0, 0, 0, 0, 0, 0, 1, 0, 0, 2, '', 1),
  (60401, 0, 0, 0, 0, 0, 328, 0, 0, 0, 'Skorn Digsite', '', '', 0, 85, 85, 0, 35, 35, 0, 0, 0, 1, 0, 3.8, 3.8, 0, 46, 1, 0, 0, 1, 6, 0, 0, 0, 0, 0, 0, 1.9, 1.9, 0, 10, 1048576, 0, 0, 0, 0, 0, 0, 0, 0, 0, 0, 0, 0, 0, 0, 0, 0, 0, 0, 0, 0, 0, '', 0, 3, 1, 1, 1, 0, 0, 0, 0, 0, 0, 0, 0, 1, 0, 0, 2, '', 1),
  (60403, 0, 0, 0, 0, 0, 328, 0, 0, 0, 'Halgrind Digsite', '', '', 0, 85, 85, 0, 35, 35, 0, 0, 0, 1, 0, 3.8, 3.8, 0, 46, 1, 0, 0, 1, 6, 0, 0, 0, 0, 0, 0, 1.9, 1.9, 0, 10, 1048576, 0, 0, 0, 0, 0, 0, 0, 0, 0, 0, 0, 0, 0, 0, 0, 0, 0, 0, 0, 0, 0, '', 0, 3, 1, 1, 1, 0, 0, 0, 0, 0, 0, 0, 0, 1, 0, 0, 2, '', 1),
  (60405, 0, 0, 0, 0, 0, 328, 0, 0, 0, 'Wyrmskull Digsite', '', '', 0, 85, 85, 0, 35, 35, 0, 0, 0, 1, 0, 3.8, 3.8, 0, 46, 1, 0, 0, 1, 6, 0, 0, 0, 0, 0, 0, 1.9, 1.9, 0, 10, 1048576, 0, 0, 0, 0, 0, 0, 0, 0, 0, 0, 0, 0, 0, 0, 0, 0, 0, 0, 0, 0, 0, '', 0, 3, 1, 1, 1, 0, 0, 0, 0, 0, 0, 0, 0, 1, 0, 0, 2, '', 1),
  (60407, 0, 0, 0, 0, 0, 328, 0, 0, 0, 'Shield Hill Digsite', '', '', 0, 85, 85, 0, 35, 35, 0, 0, 0, 1, 0, 3.8, 3.8, 0, 46, 1, 0, 0, 1, 6, 0, 0, 0, 0, 0, 0, 1.9, 1.9, 0, 10, 1048576, 0, 0, 0, 0, 0, 0, 0, 0, 0, 0, 0, 0, 0, 0, 0, 0, 0, 0, 0, 0, 0, '', 0, 3, 1, 1, 1, 0, 0, 0, 0, 0, 0, 0, 0, 1, 0, 0, 2, '', 1),
  (60409, 0, 0, 0, 0, 0, 328, 0, 0, 0, 'Baleheim Digsite', '', '', 0, 85, 85, 0, 35, 35, 0, 0, 0, 1, 0, 3.8, 3.8, 0, 46, 1, 0, 0, 1, 6, 0, 0, 0, 0, 0, 0, 1.9, 1.9, 0, 10, 1048576, 0, 0, 0, 0, 0, 0, 0, 0, 0, 0, 0, 0, 0, 0, 0, 0, 0, 0, 0, 0, 0, '', 0, 3, 1, 1, 1, 0, 0, 0, 0, 0, 0, 0, 0, 1, 0, 0, 2, '', 1),
  (60411, 0, 0, 0, 0, 0, 328, 0, 0, 0, 'Nifflevar Digsite', '', '', 0, 85, 85, 0, 35, 35, 0, 0, 0, 1, 0, 3.8, 3.8, 0, 46, 1, 0, 0, 1, 6, 0, 0, 0, 0, 0, 0, 1.9, 1.9, 0, 10, 1048576, 0, 0, 0, 0, 0, 0, 0, 0, 0, 0, 0, 0, 0, 0, 0, 0, 0, 0, 0, 0, 0, '', 0, 3, 1, 1, 1, 0, 0, 0, 0, 0, 0, 0, 0, 1, 0, 0, 2, '', 1),
  (60413, 0, 0, 0, 0, 0, 328, 0, 0, 0, 'Gjalerbron Digsite', '', '', 0, 85, 85, 0, 35, 35, 0, 0, 0, 1, 0, 3.8, 3.8, 0, 46, 1, 0, 0, 1, 6, 0, 0, 0, 0, 0, 0, 1.9, 1.9, 0, 10, 1048576, 0, 0, 0, 0, 0, 0, 0, 0, 0, 0, 0, 0, 0, 0, 0, 0, 0, 0, 0, 0, 0, '', 0, 3, 1, 1, 1, 0, 0, 0, 0, 0, 0, 0, 0, 1, 0, 0, 2, '', 1),
  (60415, 0, 0, 0, 0, 0, 328, 0, 0, 0, 'Pit of Narjun Digsite', '', '', 0, 85, 85, 0, 35, 35, 0, 0, 0, 1, 0, 3.8, 3.8, 0, 46, 1, 0, 0, 1, 6, 0, 0, 0, 0, 0, 0, 1.9, 1.9, 0, 10, 1048576, 0, 0, 0, 0, 0, 0, 0, 0, 0, 0, 0, 0, 0, 0, 0, 0, 0, 0, 0, 0, 0, '', 0, 3, 1, 1, 1, 0, 0, 0, 0, 0, 0, 0, 0, 1, 0, 0, 2, '', 1),
  (60417, 0, 0, 0, 0, 0, 328, 0, 0, 0, 'Moonrest Gardens Digsite', '', '', 0, 85, 85, 0, 35, 35, 0, 0, 0, 1, 0, 3.8, 3.8, 0, 46, 1, 0, 0, 1, 6, 0, 0, 0, 0, 0, 0, 1.9, 1.9, 0, 10, 1048576, 0, 0, 0, 0, 0, 0, 0, 0, 0, 0, 0, 0, 0, 0, 0, 0, 0, 0, 0, 0, 0, '', 0, 3, 1, 1, 1, 0, 0, 0, 0, 0, 0, 0, 0, 1, 0, 0, 2, '', 1),
  (60419, 0, 0, 0, 0, 0, 328, 0, 0, 0, 'En\'kilah Digsite', '', '', 0, 85, 85, 0, 35, 35, 0, 0, 0, 1, 0, 3.8, 3.8, 0, 46, 1, 0, 0, 1, 6, 0, 0, 0, 0, 0, 0, 1.9, 1.9, 0, 10, 1048576, 0, 0, 0, 0, 0, 0, 0, 0, 0, 0, 0, 0, 0, 0, 0, 0, 0, 0, 0, 0, 0, '', 0, 3, 1, 1, 1, 0, 0, 0, 0, 0, 0, 0, 0, 1, 0, 0, 2, '', 1),
  (60421, 0, 0, 0, 0, 0, 328, 0, 0, 0, 'Kolramas Digsite', '', '', 0, 85, 85, 0, 35, 35, 0, 0, 0, 1, 0, 3.8, 3.8, 0, 46, 1, 0, 0, 1, 6, 0, 0, 0, 0, 0, 0, 1.9, 1.9, 0, 10, 1048576, 0, 0, 0, 0, 0, 0, 0, 0, 0, 0, 0, 0, 0, 0, 0, 0, 0, 0, 0, 0, 0, '', 0, 3, 1, 1, 1, 0, 0, 0, 0, 0, 0, 0, 0, 1, 0, 0, 2, '', 1),
  (60423, 0, 0, 0, 0, 0, 328, 0, 0, 0, 'Riplash Ruins Digsite', '', '', 0, 85, 85, 0, 35, 35, 0, 0, 0, 1, 0, 3.8, 3.8, 0, 46, 1, 0, 0, 1, 6, 0, 0, 0, 0, 0, 0, 1.9, 1.9, 0, 10, 1048576, 0, 0, 0, 0, 0, 0, 0, 0, 0, 0, 0, 0, 0, 0, 0, 0, 0, 0, 0, 0, 0, '', 0, 3, 1, 1, 1, 0, 0, 0, 0, 0, 0, 0, 0, 1, 0, 0, 2, '', 1),
  (60425, 0, 0, 0, 0, 0, 328, 0, 0, 0, 'Violet Stand Digsite', '', '', 0, 85, 85, 0, 35, 35, 0, 0, 0, 1, 0, 3.8, 3.8, 0, 46, 1, 0, 0, 1, 6, 0, 0, 0, 0, 0, 0, 1.9, 1.9, 0, 10, 1048576, 0, 0, 0, 0, 0, 0, 0, 0, 0, 0, 0, 0, 0, 0, 0, 0, 0, 0, 0, 0, 0, '', 0, 3, 1, 1, 1, 0, 0, 0, 0, 0, 0, 0, 0, 1, 0, 0, 2, '', 1),
  (60427, 0, 0, 0, 0, 0, 328, 0, 0, 0, 'Ruins of Shandaral Digsite', '', '', 0, 85, 85, 0, 35, 35, 0, 0, 0, 1, 0, 3.8, 3.8, 0, 46, 1, 0, 0, 1, 6, 0, 0, 0, 0, 0, 0, 1.9, 1.9, 0, 10, 1048576, 0, 0, 0, 0, 0, 0, 0, 0, 0, 0, 0, 0, 0, 0, 0, 0, 0, 0, 0, 0, 0, '', 0, 3, 1, 1, 1, 0, 0, 0, 0, 0, 0, 0, 0, 1, 0, 0, 2, '', 1),
  (60429, 0, 0, 0, 0, 0, 328, 0, 0, 0, 'Altar of Sseratus Digsite', '', '', 0, 85, 85, 0, 35, 35, 0, 0, 0, 1, 0, 3.8, 3.8, 0, 46, 1, 0, 0, 1, 6, 0, 0, 0, 0, 0, 0, 1.9, 1.9, 0, 10, 1048576, 0, 0, 0, 0, 0, 0, 0, 0, 0, 0, 0, 0, 0, 0, 0, 0, 0, 0, 0, 0, 0, '', 0, 3, 1, 1, 1, 0, 0, 0, 0, 0, 0, 0, 0, 1, 0, 0, 2, '', 1),
  (60431, 0, 0, 0, 0, 0, 328, 0, 0, 0, 'Zim\'Rhuk Digsite', '', '', 0, 85, 85, 0, 35, 35, 0, 0, 0, 1, 0, 3.8, 3.8, 0, 46, 1, 0, 0, 1, 6, 0, 0, 0, 0, 0, 0, 1.9, 1.9, 0, 10, 1048576, 0, 0, 0, 0, 0, 0, 0, 0, 0, 0, 0, 0, 0, 0, 0, 0, 0, 0, 0, 0, 0, '', 0, 3, 1, 1, 1, 0, 0, 0, 0, 0, 0, 0, 0, 1, 0, 0, 2, '', 1),
  (60433, 0, 0, 0, 0, 0, 328, 0, 0, 0, 'Zol\'Heb Digsite', '', '', 0, 85, 85, 0, 35, 35, 0, 0, 0, 1, 0, 3.8, 3.8, 0, 46, 1, 0, 0, 1, 6, 0, 0, 0, 0, 0, 0, 1.9, 1.9, 0, 10, 1048576, 0, 0, 0, 0, 0, 0, 0, 0, 0, 0, 0, 0, 0, 0, 0, 0, 0, 0, 0, 0, 0, '', 0, 3, 1, 1, 1, 0, 0, 0, 0, 0, 0, 0, 0, 1, 0, 0, 2, '', 1),
  (60435, 0, 0, 0, 0, 0, 328, 0, 0, 0, 'Altar of Quetz\'lun Digsite', '', '', 0, 85, 85, 0, 35, 35, 0, 0, 0, 1, 0, 3.8, 3.8, 0, 46, 1, 0, 0, 1, 6, 0, 0, 0, 0, 0, 0, 1.9, 1.9, 0, 10, 1048576, 0, 0, 0, 0, 0, 0, 0, 0, 0, 0, 0, 0, 0, 0, 0, 0, 0, 0, 0, 0, 0, '', 0, 3, 1, 1, 1, 0, 0, 0, 0, 0, 0, 0, 0, 1, 0, 0, 2, '', 1),
  (60437, 0, 0, 0, 0, 0, 328, 0, 0, 0, 'Talramas Digsite', '', '', 0, 85, 85, 0, 35, 35, 0, 0, 0, 1, 0, 3.8, 3.8, 0, 46, 1, 0, 0, 1, 6, 0, 0, 0, 0, 0, 0, 1.9, 1.9, 0, 10, 1048576, 0, 0, 0, 0, 0, 0, 0, 0, 0, 0, 0, 0, 0, 0, 0, 0, 0, 0, 0, 0, 0, '', 0, 3, 1, 1, 1, 0, 0, 0, 0, 0, 0, 0, 0, 1, 0, 0, 2, '', 1),
  (60439, 0, 0, 0, 0, 0, 328, 0, 0, 0, 'Voldrune Digsite', '', '', 0, 85, 85, 0, 35, 35, 0, 0, 0, 1, 0, 3.8, 3.8, 0, 46, 1, 0, 0, 1, 6, 0, 0, 0, 0, 0, 0, 1.9, 1.9, 0, 10, 1048576, 0, 0, 0, 0, 0, 0, 0, 0, 0, 0, 0, 0, 0, 0, 0, 0, 0, 0, 0, 0, 0, '', 0, 3, 1, 1, 1, 0, 0, 0, 0, 0, 0, 0, 0, 1, 0, 0, 2, '', 1),
  (60443, 0, 0, 0, 0, 0, 328, 0, 0, 0, 'Drakil\'Jin Ruins Digsite', '', '', 0, 85, 85, 0, 35, 35, 0, 0, 0, 1, 0, 3.8, 3.8, 0, 46, 1, 0, 0, 1, 6, 0, 0, 0, 0, 0, 0, 1.9, 1.9, 0, 10, 1048576, 0, 0, 0, 0, 0, 0, 0, 0, 0, 0, 0, 0, 0, 0, 0, 0, 0, 0, 0, 0, 0, '', 0, 3, 1, 1, 1, 0, 0, 0, 0, 0, 0, 0, 0, 1, 0, 0, 2, '', 1),
  (60445, 0, 0, 0, 0, 0, 328, 0, 0, 0, 'Brunnhildar Village Digsite', '', '', 0, 85, 85, 0, 35, 35, 0, 0, 0, 1, 0, 3.8, 3.8, 0, 46, 1, 0, 0, 1, 6, 0, 0, 0, 0, 0, 0, 1.9, 1.9, 0, 10, 1048576, 0, 0, 0, 0, 0, 0, 0, 0, 0, 0, 0, 0, 0, 0, 0, 0, 0, 0, 0, 0, 0, '', 0, 3, 1, 1, 1, 0, 0, 0, 0, 0, 0, 0, 0, 1, 0, 0, 2, '', 1),
  (60447, 0, 0, 0, 0, 0, 328, 0, 0, 0, 'Sifreldar Village Digsite', '', '', 0, 85, 85, 0, 35, 35, 0, 0, 0, 1, 0, 3.8, 3.8, 0, 46, 1, 0, 0, 1, 6, 0, 0, 0, 0, 0, 0, 1.9, 1.9, 0, 10, 1048576, 0, 0, 0, 0, 0, 0, 0, 0, 0, 0, 0, 0, 0, 0, 0, 0, 0, 0, 0, 0, 0, '', 0, 3, 1, 1, 1, 0, 0, 0, 0, 0, 0, 0, 0, 1, 0, 0, 2, '', 1),
  (60449, 0, 0, 0, 0, 0, 328, 0, 0, 0, 'Valkyrion Digsite', '', '', 0, 85, 85, 0, 35, 35, 0, 0, 0, 1, 0, 3.8, 3.8, 0, 46, 1, 0, 0, 1, 6, 0, 0, 0, 0, 0, 0, 1.9, 1.9, 0, 10, 1048576, 0, 0, 0, 0, 0, 0, 0, 0, 0, 0, 0, 0, 0, 0, 0, 0, 0, 0, 0, 0, 0, '', 0, 3, 1, 1, 1, 0, 0, 0, 0, 0, 0, 0, 0, 1, 0, 0, 2, '', 1),
  (60451, 0, 0, 0, 0, 0, 328, 0, 0, 0, 'Scourgeholme Digsite', '', '', 0, 85, 85, 0, 35, 35, 0, 0, 0, 1, 0, 3.8, 3.8, 0, 46, 1, 0, 0, 1, 6, 0, 0, 0, 0, 0, 0, 1.9, 1.9, 0, 10, 1048576, 0, 0, 0, 0, 0, 0, 0, 0, 0, 0, 0, 0, 0, 0, 0, 0, 0, 0, 0, 0, 0, '', 0, 3, 1, 1, 1, 0, 0, 0, 0, 0, 0, 0, 0, 1, 0, 0, 2, '', 1),
  (60455, 0, 0, 0, 0, 0, 328, 0, 0, 0, 'Ymirheim Digsite', '', '', 0, 85, 85, 0, 35, 35, 0, 0, 0, 1, 0, 3.8, 3.8, 0, 46, 1, 0, 0, 1, 6, 0, 0, 0, 0, 0, 0, 1.9, 1.9, 0, 10, 1048576, 0, 0, 0, 0, 0, 0, 0, 0, 0, 0, 0, 0, 0, 0, 0, 0, 0, 0, 0, 0, 0, '', 0, 3, 1, 1, 1, 0, 0, 0, 0, 0, 0, 0, 0, 1, 0, 0, 2, '', 1),
  (60457, 0, 0, 0, 0, 0, 328, 0, 0, 0, 'Jotunheim Digsite', '', '', 0, 85, 85, 0, 35, 35, 0, 0, 0, 1, 0, 3.8, 3.8, 0, 46, 1, 0, 0, 1, 6, 0, 0, 0, 0, 0, 0, 1.9, 1.9, 0, 10, 1048576, 0, 0, 0, 0, 0, 0, 0, 0, 0, 0, 0, 0, 0, 0, 0, 0, 0, 0, 0, 0, 0, '', 0, 3, 1, 1, 1, 0, 0, 0, 0, 0, 0, 0, 0, 1, 0, 0, 2, '', 1),
  (60459, 0, 0, 0, 0, 0, 328, 0, 0, 0, 'Njorndar Village Digsite', '', '', 0, 85, 85, 0, 35, 35, 0, 0, 0, 1, 0, 3.8, 3.8, 0, 46, 1, 0, 0, 1, 6, 0, 0, 0, 0, 0, 0, 1.9, 1.9, 0, 10, 1048576, 0, 0, 0, 0, 0, 0, 0, 0, 0, 0, 0, 0, 0, 0, 0, 0, 0, 0, 0, 0, 0, '', 0, 3, 1, 1, 1, 0, 0, 0, 0, 0, 0, 0, 0, 1, 0, 0, 2, '', 1),
  (60461, 0, 0, 0, 0, 0, 328, 0, 0, 0, 'Ruins of Lar\'donir Digsite', '', '', 0, 85, 85, 0, 35, 35, 0, 0, 0, 1, 0, 3.8, 3.8, 0, 46, 1, 0, 0, 1, 6, 0, 0, 0, 0, 0, 0, 1.9, 1.9, 0, 10, 1048576, 0, 0, 0, 0, 0, 0, 0, 0, 0, 0, 0, 0, 0, 0, 0, 0, 0, 0, 0, 0, 0, '', 0, 3, 1, 1, 1, 0, 0, 0, 0, 0, 0, 0, 0, 1, 0, 0, 2, '', 1),
  (60463, 0, 0, 0, 0, 0, 328, 0, 0, 0, 'Shrine of Goldrinn Digsite', '', '', 0, 85, 85, 0, 35, 35, 0, 0, 0, 1, 0, 3.8, 3.8, 0, 46, 1, 0, 0, 1, 6, 0, 0, 0, 0, 0, 0, 1.9, 1.9, 0, 10, 1048576, 0, 0, 0, 0, 0, 0, 0, 0, 0, 0, 0, 0, 0, 0, 0, 0, 0, 0, 0, 0, 0, '', 0, 3, 1, 1, 1, 0, 0, 0, 0, 0, 0, 0, 0, 1, 0, 0, 2, '', 1),
  (60465, 0, 0, 0, 0, 0, 328, 0, 0, 0, 'Grove of Aessina Digsite', '', '', 0, 85, 85, 0, 35, 35, 0, 0, 0, 1, 0, 3.8, 3.8, 0, 46, 1, 0, 0, 1, 6, 0, 0, 0, 0, 0, 0, 1.9, 1.9, 0, 10, 1048576, 0, 0, 0, 0, 0, 0, 0, 0, 0, 0, 0, 0, 0, 0, 0, 0, 0, 0, 0, 0, 0, '', 0, 3, 1, 1, 1, 0, 0, 0, 0, 0, 0, 0, 0, 1, 0, 0, 2, '', 1),
  (60467, 0, 0, 0, 0, 0, 328, 0, 0, 0, 'Sanctuary of Malorne Digsite', '', '', 0, 85, 85, 0, 35, 35, 0, 0, 0, 1, 0, 3.8, 3.8, 0, 46, 1, 0, 0, 1, 6, 0, 0, 0, 0, 0, 0, 1.9, 1.9, 0, 10, 1048576, 0, 0, 0, 0, 0, 0, 0, 0, 0, 0, 0, 0, 0, 0, 0, 0, 0, 0, 0, 0, 0, '', 0, 3, 1, 1, 1, 0, 0, 0, 0, 0, 0, 0, 0, 1, 0, 0, 2, '', 1),
  (60469, 0, 0, 0, 0, 0, 328, 0, 0, 0, 'Scorched Plain Digsite', '', '', 0, 85, 85, 0, 35, 35, 0, 0, 0, 1, 0, 3.8, 3.8, 0, 46, 1, 0, 0, 1, 6, 0, 0, 0, 0, 0, 0, 1.9, 1.9, 0, 10, 1048576, 0, 0, 0, 0, 0, 0, 0, 0, 0, 0, 0, 0, 0, 0, 0, 0, 0, 0, 0, 0, 0, '', 0, 3, 1, 1, 1, 0, 0, 0, 0, 0, 0, 0, 0, 1, 0, 0, 2, '', 1),
  (60471, 0, 0, 0, 0, 0, 328, 0, 0, 0, 'Quel\'Dormir Gardens Digsite', '', '', 0, 85, 85, 0, 35, 35, 0, 0, 0, 1, 0, 3.8, 3.8, 0, 46, 1, 0, 0, 1, 6, 0, 0, 0, 0, 0, 0, 1.9, 1.9, 0, 10, 1048576, 0, 0, 0, 0, 0, 0, 0, 0, 0, 0, 0, 0, 0, 0, 0, 0, 0, 0, 0, 0, 0, '', 0, 3, 1, 1, 1, 0, 0, 0, 0, 0, 0, 0, 0, 1, 0, 0, 2, '', 1),
  (60473, 0, 0, 0, 0, 0, 328, 0, 0, 0, 'Nar\'shola (Middle Tier) Digsite', '', '', 0, 85, 85, 0, 35, 35, 0, 0, 0, 1, 0, 3.8, 3.8, 0, 46, 1, 0, 0, 1, 6, 0, 0, 0, 0, 0, 0, 1.9, 1.9, 0, 10, 1048576, 0, 0, 0, 0, 0, 0, 0, 0, 0, 0, 0, 0, 0, 0, 0, 0, 0, 0, 0, 0, 0, '', 0, 3, 1, 1, 1, 0, 0, 0, 0, 0, 0, 0, 0, 1, 0, 0, 2, '', 1),
  (60475, 0, 0, 0, 0, 0, 328, 0, 0, 0, 'Biel\'aran Ridge Digsite', '', '', 0, 85, 85, 0, 35, 35, 0, 0, 0, 1, 0, 3.8, 3.8, 0, 46, 1, 0, 0, 1, 6, 0, 0, 0, 0, 0, 0, 1.9, 1.9, 0, 10, 1048576, 0, 0, 0, 0, 0, 0, 0, 0, 0, 0, 0, 0, 0, 0, 0, 0, 0, 0, 0, 0, 0, '', 0, 3, 1, 1, 1, 0, 0, 0, 0, 0, 0, 0, 0, 1, 0, 0, 2, '', 1),
  (60477, 0, 0, 0, 0, 0, 328, 0, 0, 0, 'Dunwald Ruins Digsite', '', '', 0, 85, 85, 0, 35, 35, 0, 0, 0, 1, 0, 3.8, 3.8, 0, 46, 1, 0, 0, 1, 6, 0, 0, 0, 0, 0, 0, 1.9, 1.9, 0, 10, 1048576, 0, 0, 0, 0, 0, 0, 0, 0, 0, 0, 0, 0, 0, 0, 0, 0, 0, 0, 0, 0, 0, '', 0, 3, 1, 1, 1, 0, 0, 0, 0, 0, 0, 0, 0, 1, 0, 0, 2, '', 1),
  (60479, 0, 0, 0, 0, 0, 328, 0, 0, 0, 'Thundermar Ruins Digsite', '', '', 0, 85, 85, 0, 35, 35, 0, 0, 0, 1, 0, 3.8, 3.8, 0, 46, 1, 0, 0, 1, 6, 0, 0, 0, 0, 0, 0, 1.9, 1.9, 0, 10, 1048576, 0, 0, 0, 0, 0, 0, 0, 0, 0, 0, 0, 0, 0, 0, 0, 0, 0, 0, 0, 0, 0, '', 0, 3, 1, 1, 1, 0, 0, 0, 0, 0, 0, 0, 0, 1, 0, 0, 2, '', 1),
  (60481, 0, 0, 0, 0, 0, 328, 0, 0, 0, 'Humboldt Conflagration Digsite', '', '', 0, 85, 85, 0, 35, 35, 0, 0, 0, 1, 0, 3.8, 3.8, 0, 46, 1, 0, 0, 1, 6, 0, 0, 0, 0, 0, 0, 1.9, 1.9, 0, 10, 1048576, 0, 0, 0, 0, 0, 0, 0, 0, 0, 0, 0, 0, 0, 0, 0, 0, 0, 0, 0, 0, 0, '', 0, 3, 1, 1, 1, 0, 0, 0, 0, 0, 0, 0, 0, 1, 0, 0, 2, '', 1),
  (60483, 0, 0, 0, 0, 0, 328, 0, 0, 0, 'Grim Batol Digsite', '', '', 0, 85, 85, 0, 35, 35, 0, 0, 0, 1, 0, 3.8, 3.8, 0, 46, 1, 0, 0, 1, 6, 0, 0, 0, 0, 0, 0, 1.9, 1.9, 0, 10, 1048576, 0, 0, 0, 0, 0, 0, 0, 0, 0, 0, 0, 0, 0, 0, 0, 0, 0, 0, 0, 0, 0, '', 0, 3, 1, 1, 1, 0, 0, 0, 0, 0, 0, 0, 0, 1, 0, 0, 2, '', 1),
  (60485, 0, 0, 0, 0, 0, 328, 0, 0, 0, 'Khartut\'s Tomb Digsite', '', '', 0, 85, 85, 0, 35, 35, 0, 0, 0, 1, 0, 3.8, 3.8, 0, 46, 1, 0, 0, 1, 6, 0, 0, 0, 0, 0, 0, 1.9, 1.9, 0, 10, 1048576, 0, 0, 0, 0, 0, 0, 0, 0, 0, 0, 0, 0, 0, 0, 0, 0, 0, 0, 0, 0, 0, '', 0, 3, 1, 1, 1, 0, 0, 0, 0, 0, 0, 0, 0, 1, 0, 0, 2, '', 1),
  (60487, 0, 0, 0, 0, 0, 328, 0, 0, 0, 'Tombs of the Precursors Digsite', '', '', 0, 85, 85, 0, 35, 35, 0, 0, 0, 1, 0, 3.8, 3.8, 0, 46, 1, 0, 0, 1, 6, 0, 0, 0, 0, 0, 0, 1.9, 1.9, 0, 10, 1048576, 0, 0, 0, 0, 0, 0, 0, 0, 0, 0, 0, 0, 0, 0, 0, 0, 0, 0, 0, 0, 0, '', 0, 3, 1, 1, 1, 0, 0, 0, 0, 0, 0, 0, 0, 1, 0, 0, 2, '', 1),
  (60489, 0, 0, 0, 0, 0, 328, 0, 0, 0, 'Steps of Fate Digsite', '', '', 0, 85, 85, 0, 35, 35, 0, 0, 0, 1, 0, 3.8, 3.8, 0, 46, 1, 0, 0, 1, 6, 0, 0, 0, 0, 0, 0, 1.9, 1.9, 0, 10, 1048576, 0, 0, 0, 0, 0, 0, 0, 0, 0, 0, 0, 0, 0, 0, 0, 0, 0, 0, 0, 0, 0, '', 0, 3, 1, 1, 1, 0, 0, 0, 0, 0, 0, 0, 0, 1, 0, 0, 2, '', 1),
  (60491, 0, 0, 0, 0, 0, 328, 0, 0, 0, 'Neferset Digsite', '', '', 0, 85, 85, 0, 35, 35, 0, 0, 0, 1, 0, 3.8, 3.8, 0, 46, 1, 0, 0, 1, 6, 0, 0, 0, 0, 0, 0, 1.9, 1.9, 0, 10, 1048576, 0, 0, 0, 0, 0, 0, 0, 0, 0, 0, 0, 0, 0, 0, 0, 0, 0, 0, 0, 0, 0, '', 0, 3, 1, 1, 1, 0, 0, 0, 0, 0, 0, 0, 0, 1, 0, 0, 2, '', 1),
  (60493, 0, 0, 0, 0, 0, 328, 0, 0, 0, 'Orsis Digsite', '', '', 0, 85, 85, 0, 35, 35, 0, 0, 0, 1, 0, 3.8, 3.8, 0, 46, 1, 0, 0, 1, 6, 0, 0, 0, 0, 0, 0, 1.9, 1.9, 0, 10, 1048576, 0, 0, 0, 0, 0, 0, 0, 0, 0, 0, 0, 0, 0, 0, 0, 0, 0, 0, 0, 0, 0, '', 0, 3, 1, 1, 1, 0, 0, 0, 0, 0, 0, 0, 0, 1, 0, 0, 2, '', 1),
  (60495, 0, 0, 0, 0, 0, 328, 0, 0, 0, 'Ruins of Ammon Digsite', '', '', 0, 85, 85, 0, 35, 35, 0, 0, 0, 1, 0, 3.8, 3.8, 0, 46, 1, 0, 0, 1, 6, 0, 0, 0, 0, 0, 0, 1.9, 1.9, 0, 10, 1048576, 0, 0, 0, 0, 0, 0, 0, 0, 0, 0, 0, 0, 0, 0, 0, 0, 0, 0, 0, 0, 0, '', 0, 3, 1, 1, 1, 0, 0, 0, 0, 0, 0, 0, 0, 1, 0, 0, 2, '', 1),
  (60497, 0, 0, 0, 0, 0, 328, 0, 0, 0, 'Ruins of Khintaset Digsite', '', '', 0, 85, 85, 0, 35, 35, 0, 0, 0, 1, 0, 3.8, 3.8, 0, 46, 1, 0, 0, 1, 6, 0, 0, 0, 0, 0, 0, 1.9, 1.9, 0, 10, 1048576, 0, 0, 0, 0, 0, 0, 0, 0, 0, 0, 0, 0, 0, 0, 0, 0, 0, 0, 0, 0, 0, '', 0, 3, 1, 1, 1, 0, 0, 0, 0, 0, 0, 0, 0, 1, 0, 0, 2, '', 1),
  (60499, 0, 0, 0, 0, 0, 328, 0, 0, 0, 'Temple of Uldum Digsite', '', '', 0, 85, 85, 0, 35, 35, 0, 0, 0, 1, 0, 3.8, 3.8, 0, 46, 1, 0, 0, 1, 6, 0, 0, 0, 0, 0, 0, 1.9, 1.9, 0, 10, 1048576, 0, 0, 0, 0, 0, 0, 0, 0, 0, 0, 0, 0, 0, 0, 0, 0, 0, 0, 0, 0, 0, '', 0, 3, 1, 1, 1, 0, 0, 0, 0, 0, 0, 0, 0, 1, 0, 0, 2, '', 1),
  (60501, 0, 0, 0, 0, 0, 328, 0, 0, 0, 'Ruins of Ahmtul Digsitee', '', '', 0, 85, 85, 0, 35, 35, 0, 0, 0, 1, 0, 3.8, 3.8, 0, 46, 1, 0, 0, 1, 6, 0, 0, 0, 0, 0, 0, 1.9, 1.9, 0, 10, 1048576, 0, 0, 0, 0, 0, 0, 0, 0, 0, 0, 0, 0, 0, 0, 0, 0, 0, 0, 0, 0, 0, '', 0, 3, 1, 1, 1, 0, 0, 0, 0, 0, 0, 0, 0, 1, 0, 0, 2, '', 1),
  (60570, 0, 0, 0, 0, 0, 328, 0, 0, 0, 'River Delta Digsite', '', '', 0, 85, 85, 0, 35, 35, 0, 0, 0, 1, 0, 3.8, 3.8, 0, 46, 1, 0, 0, 1, 6, 0, 0, 0, 0, 0, 0, 1.9, 1.9, 0, 10, 1048576, 0, 0, 0, 0, 0, 0, 0, 0, 0, 0, 0, 0, 0, 0, 0, 0, 0, 0, 0, 0, 0, '', 0, 3, 1, 1, 1, 0, 0, 0, 0, 0, 0, 0, 0, 1, 0, 0, 2, '', 1),
  (60572, 0, 0, 0, 0, 0, 328, 0, 0, 0, 'Cursed Landing Digsite', '', '', 0, 85, 85, 0, 35, 35, 0, 0, 0, 1, 0, 3.8, 3.8, 0, 46, 1, 0, 0, 1, 6, 0, 0, 0, 0, 0, 0, 1.9, 1.9, 0, 10, 1048576, 0, 0, 0, 0, 0, 0, 0, 0, 0, 0, 0, 0, 0, 0, 0, 0, 0, 0, 0, 0, 0, '', 0, 3, 1, 1, 1, 0, 0, 0, 0, 0, 0, 0, 0, 1, 0, 0, 2, '', 1),
  (60574, 0, 0, 0, 0, 0, 328, 0, 0, 0, 'Keset Pass Digsite', '', '', 0, 85, 85, 0, 35, 35, 0, 0, 0, 1, 0, 3.8, 3.8, 0, 46, 1, 0, 0, 1, 6, 0, 0, 0, 0, 0, 0, 1.9, 1.9, 0, 10, 1048576, 0, 0, 0, 0, 0, 0, 0, 0, 0, 0, 0, 0, 0, 0, 0, 0, 0, 0, 0, 0, 0, '', 0, 3, 1, 1, 1, 0, 0, 0, 0, 0, 0, 0, 0, 1, 0, 0, 2, '', 1),
  (60576, 0, 0, 0, 0, 0, 328, 0, 0, 0, 'Akhenet Fields Digsite', '', '', 0, 85, 85, 0, 35, 35, 0, 0, 0, 1, 0, 3.8, 3.8, 0, 46, 1, 0, 0, 1, 6, 0, 0, 0, 0, 0, 0, 1.9, 1.9, 0, 10, 1048576, 0, 0, 0, 0, 0, 0, 0, 0, 0, 0, 0, 0, 0, 0, 0, 0, 0, 0, 0, 0, 0, '', 0, 3, 1, 1, 1, 0, 0, 0, 0, 0, 0, 0, 0, 1, 0, 0, 2, '', 1),
  (60578, 0, 0, 0, 0, 0, 328, 0, 0, 0, 'Obelisk of the Stars Digsite', '', '', 0, 85, 85, 0, 35, 35, 0, 0, 0, 1, 0, 3.8, 3.8, 0, 46, 1, 0, 0, 1, 6, 0, 0, 0, 0, 0, 0, 1.9, 1.9, 0, 10, 1048576, 0, 0, 0, 0, 0, 0, 0, 0, 0, 0, 0, 0, 0, 0, 0, 0, 0, 0, 0, 0, 0, '', 0, 3, 1, 1, 1, 0, 0, 0, 0, 0, 0, 0, 0, 1, 0, 0, 2, '', 1),
  (60581, 0, 0, 0, 0, 0, 328, 0, 0, 0, 'Sahket Wastes Digsite', '', '', 0, 85, 85, 0, 35, 35, 0, 0, 0, 1, 0, 3.8, 3.8, 0, 46, 1, 0, 0, 1, 6, 0, 0, 0, 0, 0, 0, 1.9, 1.9, 0, 10, 1048576, 0, 0, 0, 0, 0, 0, 0, 0, 0, 0, 0, 0, 0, 0, 0, 0, 0, 0, 0, 0, 0, '', 0, 3, 1, 1, 1, 0, 0, 0, 0, 0, 0, 0, 0, 1, 0, 0, 2, '', 1),
  (60583, 0, 0, 0, 0, 0, 328, 0, 0, 0, 'Schnottz\'s Landing', '', '', 0, 85, 85, 0, 35, 35, 0, 0, 0, 1, 0, 3.8, 3.8, 0, 46, 1, 0, 0, 1, 6, 0, 0, 0, 0, 0, 0, 1.9, 1.9, 0, 10, 1048576, 0, 0, 0, 0, 0, 0, 0, 0, 0, 0, 0, 0, 0, 0, 0, 0, 0, 0, 0, 0, 0, '', 0, 3, 1, 1, 1, 0, 0, 0, 0, 0, 0, 0, 0, 1, 0, 0, 2, '', 1),
  (60587, 0, 0, 0, 0, 0, 328, 0, 0, 0, 'Pit of Fiends Digsite', '', '', 0, 85, 85, 0, 35, 35, 0, 0, 0, 1, 0, 3.8, 3.8, 0, 46, 1, 0, 0, 1, 6, 0, 0, 0, 0, 0, 0, 1.9, 1.9, 0, 10, 1048576, 0, 0, 0, 0, 0, 0, 0, 0, 0, 0, 0, 0, 0, 0, 0, 0, 0, 0, 0, 0, 0, '', 0, 3, 1, 1, 1, 0, 0, 0, 0, 0, 0, 0, 0, 1, 0, 0, 2, '', 1),
  (60589, 0, 0, 0, 0, 0, 328, 0, 0, 0, 'Sands of Nasam', '', '', 0, 85, 85, 0, 35, 35, 0, 0, 0, 1, 0, 3.8, 3.8, 0, 46, 1, 0, 0, 1, 6, 0, 0, 0, 0, 0, 0, 1.9, 1.9, 0, 10, 1048576, 0, 0, 0, 0, 0, 0, 0, 0, 0, 0, 0, 0, 0, 0, 0, 0, 0, 0, 0, 0, 0, '', 0, 3, 1, 1, 1, 0, 0, 0, 0, 0, 0, 0, 0, 1, 0, 0, 2, '', 1),
  (60615, 0, 0, 0, 0, 0, 328, 0, 0, 0, 'Terrorweb Tunnel Digsite', '', '', 0, 85, 85, 0, 35, 35, 0, 0, 0, 1, 0, 3.8, 3.8, 0, 46, 1, 0, 0, 1, 6, 0, 0, 0, 0, 0, 0, 1.9, 1.9, 0, 10, 1048576, 0, 0, 0, 0, 0, 0, 0, 0, 0, 0, 0, 0, 0, 0, 0, 0, 0, 0, 0, 0, 0, '', 0, 3, 1, 1, 1, 0, 0, 0, 0, 0, 0, 0, 0, 1, 0, 0, 2, '', 1),
  (60617, 0, 0, 0, 0, 0, 328, 0, 0, 0, 'Plaguewood Digsite', '', '', 0, 85, 85, 0, 35, 35, 0, 0, 0, 1, 0, 3.8, 3.8, 0, 46, 1, 0, 0, 1, 6, 0, 0, 0, 0, 0, 0, 1.9, 1.9, 0, 10, 1048576, 0, 0, 0, 0, 0, 0, 0, 0, 0, 0, 0, 0, 0, 0, 0, 0, 0, 0, 0, 0, 0, '', 0, 3, 1, 1, 1, 0, 0, 0, 0, 0, 0, 0, 0, 1, 0, 0, 2, '', 1);
  
  UPDATE `creature_template` SET `minlevel`=1, `maxlevel`=1, `speed_walk`=1, `speed_run`=1.14286, `mindmg`=0, `maxdmg`=0, `attackpower`=0, `unit_flags`=0, `minrangedmg`=0, `maxrangedmg`=0, `type_flags`=0, `InhabitType`=5, `flags_extra`=0, `WDBVerified`=15595 WHERE `entry` >=60009 AND `entry` <=60617;

 CREATE TABLE `research_sites` (
 	`id` INT(10) UNSIGNED NOT NULL AUTO_INCREMENT,
 	`entry` INT(10) NOT NULL DEFAULT '0',
 	`map` INT(10) NOT NULL DEFAULT '0',
 	`minSkill` INT(10) NOT NULL DEFAULT '0',
 	`minLevel` INT(10) NOT NULL DEFAULT '0',
 	`comment` LONGTEXT NOT NULL,
 	PRIMARY KEY (`id`),
 	UNIQUE INDEX `entry` (`entry`)
 )COLLATE='utf8_general_ci' ENGINE=MyISAM;
 
 INSERT INTO `research_sites` VALUES 
 (1,9,0,0,0,''),
 (2,10,0,0,0,''),
 (3,12,0,0,0,''),
 (4,13,0,0,0,''),
 (5,15,0,0,0,''),
 (6,18,0,0,0,''),
 (7,19,0,0,0,''),
 (8,20,0,0,0,''),
 (9,21,0,0,0,''),
 (10,22,0,0,0,''),
 (11,23,0,0,0,''),
 (12,24,0,0,0,''),
 (13,25,0,0,0,''),
 (14,26,0,0,0,''),
 (15,27,0,0,0,''),
 (16,140,0,0,0,''),
 (17,142,0,0,0,''),
 (18,144,0,0,0,''),
 (19,146,0,0,0,''),
 (20,150,0,0,0,''),
 (21,152,0,0,0,''),
 (22,154,0,0,0,''),
 (23,161,0,0,0,''),
 (24,163,0,0,0,''),
 (25,165,0,0,0,''),
 (26,167,1,0,0,''),
 (27,169,1,0,0,''),
 (28,171,1,0,0,''),
 (29,173,1,0,0,''),
 (30,175,1,0,0,''),
 (31,177,1,0,0,''),
 (32,179,1,0,0,''),
 (33,181,1,0,0,''),
 (34,183,1,0,0,''),
 (35,185,1,0,0,''),
 (36,187,1,0,0,''),
 (37,189,0,0,0,''),
 (38,191,1,0,0,''),
 (39,193,1,0,0,''),
 (40,195,1,0,0,''),
 (41,197,1,0,0,''),
 (42,199,1,0,0,''),
 (43,201,1,0,0,''),
 (44,203,0,0,0,''),
 (45,205,0,0,0,''),
 (46,207,0,0,0,''),
 (47,209,0,0,0,''),
 (48,211,0,0,0,''),
 (49,213,0,0,0,''),
 (50,215,0,0,0,''),
 (51,217,0,0,0,''),
 (52,219,0,0,0,''),
 (53,221,0,0,0,''),
 (54,223,0,0,0,''),
 (55,225,0,0,0,''),
 (56,227,0,0,0,''),
 (57,229,0,0,0,''),
 (58,231,0,0,0,''),
 (59,233,0,0,0,''),
 (60,235,0,0,0,''),
 (61,237,0,0,0,''),
 (62,239,0,0,0,''),
 (63,241,0,0,0,''),
 (64,243,0,0,0,''),
 (65,245,0,0,0,''),
 (66,247,0,0,0,''),
 (67,249,0,0,0,''),
 (68,251,0,0,0,''),
 (69,259,1,0,0,''),
 (70,261,1,0,0,''),
 (71,279,1,0,0,''),
 (72,281,1,0,0,''),
 (73,283,1,0,0,''),
 (74,285,1,0,0,''),
 (75,287,1,0,0,''),
 (76,289,1,0,0,''),
 (77,291,1,0,0,''),
 (78,293,1,0,0,''),
 (79,295,1,0,0,''),
 (80,297,1,0,0,''),
 (81,299,1,0,0,''),
 (82,301,1,0,0,''),
 (83,303,1,0,0,''),
 (84,305,1,0,0,''),
 (85,307,1,0,0,''),
 (86,309,1,0,0,''),
 (87,313,1,0,0,''),
 (88,315,1,0,0,''),
 (89,317,1,0,0,''),
 (90,319,1,0,0,''),
 (91,321,1,0,0,''),
 (92,323,1,0,0,''),
 (93,325,1,0,0,''),
 (94,327,1,0,0,''),
 (95,329,1,0,0,''),
 (96,331,1,0,0,''),
 (97,333,1,0,0,''),
 (98,335,1,0,0,''),
 (99,337,1,0,0,''),
 (100,339,530,0,0,''),
 (101,341,530,0,0,''),
 (102,343,530,0,0,''),
 (103,345,530,0,0,''),
 (104,347,530,0,0,''),
 (105,349,530,0,0,''),
 (106,351,530,0,0,''),
 (107,353,530,0,0,''),
 (108,355,530,0,0,''),
 (109,357,530,0,0,''),
 (110,359,530,0,0,''),
 (111,363,530,0,0,''),
 (112,365,530,0,0,''),
 (113,367,530,0,0,''),
 (114,369,530,0,0,''),
 (115,371,530,0,0,''),
 (116,373,530,0,0,''),
 (117,375,530,0,0,''),
 (118,377,530,0,0,''),
 (119,379,530,0,0,''),
 (120,381,530,0,0,''),
 (121,383,530,0,0,''),
 (122,385,530,0,0,''),
 (123,387,530,0,0,''),
 (124,391,530,0,0,''),
 (125,393,530,0,0,''),
 (126,395,530,0,0,''),
 (127,399,530,0,0,''),
 (128,401,571,0,0,''),
 (129,403,571,0,0,''),
 (130,405,571,0,0,''),
 (131,407,571,0,0,''),
 (132,409,571,0,0,''),
 (133,411,571,0,0,''),
 (134,413,571,0,0,''),
 (135,415,571,0,0,''),
 (136,417,571,0,0,''),
 (137,419,571,0,0,''),
 (138,421,571,0,0,''),
 (139,423,571,0,0,''),
 (140,425,571,0,0,''),
 (141,427,571,0,0,''),
 (142,429,571,0,0,''),
 (143,431,571,0,0,''),
 (144,433,571,0,0,''),
 (145,435,571,0,0,''),
 (146,437,571,0,0,''),
 (147,439,571,0,0,''),
 (148,443,571,0,0,''),
 (149,445,571,0,0,''),
 (150,447,571,0,0,''),
 (151,449,571,0,0,''),
 (152,451,571,0,0,''),
 (153,455,571,0,0,''),
 (154,457,571,0,0,''),
 (155,459,571,0,0,''),
 (156,461,1,0,0,''),
 (157,463,1,0,0,''),
 (158,465,1,0,0,''),
 (159,467,1,0,0,''),
 (160,469,1,0,0,''),
 (161,471,0,0,0,''),
 (162,473,0,0,0,''),
 (163,475,0,0,0,''),
 (164,477,0,0,0,''),
 (165,479,0,0,0,''),
 (166,481,0,0,0,''),
 (167,483,0,0,0,''),
 (168,485,1,0,0,''),
 (169,487,1,0,0,''),
 (170,489,1,0,0,''),
 (171,491,1,0,0,''),
 (172,493,1,0,0,''),
 (173,495,1,0,0,''),
 (174,497,1,0,0,''),
 (175,499,1,0,0,''),
 (176,501,1,0,0,''),
 (177,570,1,0,0,''),
 (178,572,1,0,0,''),
 (179,574,1,0,0,''),
 (180,576,1,0,0,''),
 (181,578,1,0,0,''),
 (182,581,1,0,0,''),
 (183,583,1,0,0,''),
 (184,587,571,0,0,''),
 (185,589,571,0,0,''),
 (186,615,0,0,0,''),
 (187,617,0,0,0,'');

 
 DROP TABLE IF EXISTS `character_digsites`;
 CREATE TABLE `character_digsites` (
 	`guid` INT(10) UNSIGNED NOT NULL,
 	`entry` INT(10) NOT NULL DEFAULT '0',
 	PRIMARY KEY (`guid`, `entry`)
 )COLLATE='utf8_general_ci' ENGINE=MyISAM;

 DROP TABLE IF EXISTS `character_current_artifacts`;
 CREATE TABLE `character_current_artifacts` (
 	`guid` INT(10) UNSIGNED NOT NULL,
 	`branchId` INT(10) NOT NULL DEFAULT '0',
 	`entry` INT(10) NOT NULL DEFAULT '0',
 	PRIMARY KEY (`guid`, `branchId`, `entry`)
 )COLLATE='utf8_general_ci' ENGINE=MyISAM;